bill,check,status,detail,url
AM1030418,title,match,'APPOINT-TERESA RAMIREZ' vs 'APPOINT-TERESA RAMIREZ',https://ilga.gov/Legislation/BillStatus?DocNum=1030418&GAID=18&DocTypeID=AM&LegId=157869&SessionID=114
AM1030418,synopsis (abstracts),ours_missing,Nominates Teresa Ramirez as a Member of the Employment Security Board of Review.,https://ilga.gov/Legislation/BillStatus?DocNum=1030418&GAID=18&DocTypeID=AM&LegId=157869&SessionID=114
AM1030418,statutes (citations),both_missing,,https://ilga.gov/Legislation/BillStatus?DocNum=1030418&GAID=18&DocTypeID=AM&LegId=157869&SessionID=114
AM1030418,sponsors,match,1 names,https://ilga.gov/Legislation/BillStatus?DocNum=1030418&GAID=18&DocTypeID=AM&LegId=157869&SessionID=114
AM1030418,chief sponsor,match,ilga.gov chiefs: {'senate': 'Laura M. Murphy'},https://ilga.gov/Legislation/BillStatus?DocNum=1030418&GAID=18&DocTypeID=AM&LegId=157869&SessionID=114
AM1030418,action count,match,ours 3 vs ilga.gov 3,https://ilga.gov/Legislation/BillStatus?DocNum=1030418&GAID=18&DocTypeID=AM&LegId=157869&SessionID=114
AM1030418,latest action,match,"ours 2025-01-23 'Assigned to Executive Appointments;  on 01/31/2024 - and on 01/07/2025, Due to Sine Die of the 103rd General Assembly' vs ilga.gov 2025-01-23 'Assigned to Executive Appointments ; on 01/31/2024 - and on 01/07/2025, Due to Sine Die of the 103rd General Assembly'",https://ilga.gov/Legislation/BillStatus?DocNum=1030418&GAID=18&DocTypeID=AM&LegId=157869&SessionID=114
AM1030475,title,match,'APPOINT-TAMEKA WALTON' vs 'APPOINT-TAMEKA WALTON',https://ilga.gov/Legislation/BillStatus?DocNum=1030475&GAID=18&DocTypeID=AM&LegId=157963&SessionID=114
AM1030475,synopsis (abstracts),ours_missing,Nominates Tameka Walton as a Member of the Illinois Torture Inquiry and Relief Commission.,https://ilga.gov/Legislation/BillStatus?DocNum=1030475&GAID=18&DocTypeID=AM&LegId=157963&SessionID=114
AM1030475,statutes (citations),both_missing,,https://ilga.gov/Legislation/BillStatus?DocNum=1030475&GAID=18&DocTypeID=AM&LegId=157963&SessionID=114
AM1030475,sponsors,match,1 names,https://ilga.gov/Legislation/BillStatus?DocNum=1030475&GAID=18&DocTypeID=AM&LegId=157963&SessionID=114
AM1030475,chief sponsor,match,ilga.gov chiefs: {'senate': 'Laura M. Murphy'},https://ilga.gov/Legislation/BillStatus?DocNum=1030475&GAID=18&DocTypeID=AM&LegId=157963&SessionID=114
AM1030475,action count,match,ours 10 vs ilga.gov 10,https://ilga.gov/Legislation/BillStatus?DocNum=1030475&GAID=18&DocTypeID=AM&LegId=157963&SessionID=114
AM1030475,latest action,match,ours 2025-03-06 'Appointment Confirmed' vs ilga.gov 2025-03-06 'Appointment Confirmed',https://ilga.gov/Legislation/BillStatus?DocNum=1030475&GAID=18&DocTypeID=AM&LegId=157963&SessionID=114
AM1030541,title,match,'APPOINT-JOSEPH D. AMARILIO' vs 'APPOINT-JOSEPH D. AMARILIO',https://ilga.gov/Legislation/BillStatus?DocNum=1030541&GAID=18&DocTypeID=AM&LegId=158044&SessionID=114
AM1030541,synopsis (abstracts),ours_missing,Nominates Joseph D. Amarilio as an Arbitrator of the Workers' Compensation Commission.,https://ilga.gov/Legislation/BillStatus?DocNum=1030541&GAID=18&DocTypeID=AM&LegId=158044&SessionID=114
AM1030541,statutes (citations),both_missing,,https://ilga.gov/Legislation/BillStatus?DocNum=1030541&GAID=18&DocTypeID=AM&LegId=158044&SessionID=114
AM1030541,sponsors,match,1 names,https://ilga.gov/Legislation/BillStatus?DocNum=1030541&GAID=18&DocTypeID=AM&LegId=158044&SessionID=114
AM1030541,chief sponsor,match,ilga.gov chiefs: {'senate': 'Laura M. Murphy'},https://ilga.gov/Legislation/BillStatus?DocNum=1030541&GAID=18&DocTypeID=AM&LegId=158044&SessionID=114
AM1030541,action count,match,ours 7 vs ilga.gov 7,https://ilga.gov/Legislation/BillStatus?DocNum=1030541&GAID=18&DocTypeID=AM&LegId=158044&SessionID=114
AM1030541,latest action,match,ours 2025-05-30 'Appointment Confirmed' vs ilga.gov 2025-05-30 'Appointment Confirmed',https://ilga.gov/Legislation/BillStatus?DocNum=1030541&GAID=18&DocTypeID=AM&LegId=158044&SessionID=114
AM1040139,title,match,'APPOINT-CARMEN TERRONES' vs 'APPOINT-CARMEN TERRONES',https://ilga.gov/Legislation/BillStatus?DocNum=1040139&GAID=18&DocTypeID=AM&LegId=163370&SessionID=114
AM1040139,synopsis (abstracts),ours_missing,Nominates Carmen Terrones as a Member of the Prisoner Review Board.,https://ilga.gov/Legislation/BillStatus?DocNum=1040139&GAID=18&DocTypeID=AM&LegId=163370&SessionID=114
AM1040139,statutes (citations),both_missing,,https://ilga.gov/Legislation/BillStatus?DocNum=1040139&GAID=18&DocTypeID=AM&LegId=163370&SessionID=114
AM1040139,sponsors,match,1 names,https://ilga.gov/Legislation/BillStatus?DocNum=1040139&GAID=18&DocTypeID=AM&LegId=163370&SessionID=114
AM1040139,chief sponsor,match,ilga.gov chiefs: {'senate': 'Laura M. Murphy'},https://ilga.gov/Legislation/BillStatus?DocNum=1040139&GAID=18&DocTypeID=AM&LegId=163370&SessionID=114
AM1040139,action count,match,ours 3 vs ilga.gov 3,https://ilga.gov/Legislation/BillStatus?DocNum=1040139&GAID=18&DocTypeID=AM&LegId=163370&SessionID=114
AM1040139,latest action,match,ours 2025-10-10 'Withdrawn Pursuant Rule 10-2 (f)' vs ilga.gov 2025-10-10 'Withdrawn Pursuant Rule 10-2 (f)',https://ilga.gov/Legislation/BillStatus?DocNum=1040139&GAID=18&DocTypeID=AM&LegId=163370&SessionID=114
AM1040298,title,match,'APPOINT-CESAR OROZCO' vs 'APPOINT-CESAR OROZCO',https://ilga.gov/Legislation/BillStatus?DocNum=1040298&GAID=18&DocTypeID=AM&LegId=164364&SessionID=114
AM1040298,synopsis (abstracts),ours_missing,Nominates Cesar Orozco as Assistant Director of the Illinois Department of Insurance.,https://ilga.gov/Legislation/BillStatus?DocNum=1040298&GAID=18&DocTypeID=AM&LegId=164364&SessionID=114
AM1040298,statutes (citations),both_missing,,https://ilga.gov/Legislation/BillStatus?DocNum=1040298&GAID=18&DocTypeID=AM&LegId=164364&SessionID=114
AM1040298,sponsors,match,1 names,https://ilga.gov/Legislation/BillStatus?DocNum=1040298&GAID=18&DocTypeID=AM&LegId=164364&SessionID=114
AM1040298,chief sponsor,match,ilga.gov chiefs: {'senate': 'Laura M. Murphy'},https://ilga.gov/Legislation/BillStatus?DocNum=1040298&GAID=18&DocTypeID=AM&LegId=164364&SessionID=114
AM1040298,action count,match,ours 2 vs ilga.gov 2,https://ilga.gov/Legislation/BillStatus?DocNum=1040298&GAID=18&DocTypeID=AM&LegId=164364&SessionID=114
AM1040298,latest action,match,ours 2025-10-14 'Assigned to Executive Appointments' vs ilga.gov 2025-10-14 'Assigned to Executive Appointments',https://ilga.gov/Legislation/BillStatus?DocNum=1040298&GAID=18&DocTypeID=AM&LegId=164364&SessionID=114
AM1040090,title,match,'APPOINT-ROBERT KARR' vs 'APPOINT-ROBERT KARR',https://ilga.gov/Legislation/BillStatus?DocNum=1040090&GAID=18&DocTypeID=AM&LegId=163153&SessionID=114
AM1040090,synopsis (abstracts),ours_missing,Nominates Robert Karr as Member of the Employment Security Advisory Board.,https://ilga.gov/Legislation/BillStatus?DocNum=1040090&GAID=18&DocTypeID=AM&LegId=163153&SessionID=114
AM1040090,statutes (citations),both_missing,,https://ilga.gov/Legislation/BillStatus?DocNum=1040090&GAID=18&DocTypeID=AM&LegId=163153&SessionID=114
AM1040090,sponsors,match,1 names,https://ilga.gov/Legislation/BillStatus?DocNum=1040090&GAID=18&DocTypeID=AM&LegId=163153&SessionID=114
AM1040090,chief sponsor,match,ilga.gov chiefs: {'senate': 'Laura M. Murphy'},https://ilga.gov/Legislation/BillStatus?DocNum=1040090&GAID=18&DocTypeID=AM&LegId=163153&SessionID=114
AM1040090,action count,match,ours 9 vs ilga.gov 9,https://ilga.gov/Legislation/BillStatus?DocNum=1040090&GAID=18&DocTypeID=AM&LegId=163153&SessionID=114
AM1040090,latest action,match,ours 2025-10-30 'Appointment Confirmed' vs ilga.gov 2025-10-30 'Appointment Confirmed',https://ilga.gov/Legislation/BillStatus?DocNum=1040090&GAID=18&DocTypeID=AM&LegId=163153&SessionID=114
AM1040400,title,match,'APPOINT-MARK A. BIEL' vs 'APPOINT-MARK A. BIEL',https://ilga.gov/Legislation/BillStatus?DocNum=1040400&GAID=18&DocTypeID=AM&LegId=165703&SessionID=114
AM1040400,synopsis (abstracts),ours_missing,Nominates Mark A. Biel as a Member of the Labor Advisory Board.,https://ilga.gov/Legislation/BillStatus?DocNum=1040400&GAID=18&DocTypeID=AM&LegId=165703&SessionID=114
AM1040400,statutes (citations),both_missing,,https://ilga.gov/Legislation/BillStatus?DocNum=1040400&GAID=18&DocTypeID=AM&LegId=165703&SessionID=114
AM1040400,sponsors,match,1 names,https://ilga.gov/Legislation/BillStatus?DocNum=1040400&GAID=18&DocTypeID=AM&LegId=165703&SessionID=114
AM1040400,chief sponsor,match,ilga.gov chiefs: {'senate': 'Laura M. Murphy'},https://ilga.gov/Legislation/BillStatus?DocNum=1040400&GAID=18&DocTypeID=AM&LegId=165703&SessionID=114
AM1040400,action count,match,ours 2 vs ilga.gov 2,https://ilga.gov/Legislation/BillStatus?DocNum=1040400&GAID=18&DocTypeID=AM&LegId=165703&SessionID=114
AM1040400,latest action,match,ours 2026-01-29 'Assigned to Executive Appointments' vs ilga.gov 2026-01-29 'Assigned to Executive Appointments',https://ilga.gov/Legislation/BillStatus?DocNum=1040400&GAID=18&DocTypeID=AM&LegId=165703&SessionID=114
AM1040459,title,match,'APPOINT-ANN MARIE GARITI' vs 'APPOINT-ANN MARIE GARITI',https://ilga.gov/Legislation/BillStatus?DocNum=1040459&GAID=18&DocTypeID=AM&LegId=168151&SessionID=114
AM1040459,synopsis (abstracts),ours_missing,Nominates Ann Marie Gariti as a Member of the Northeastern Illinois University Board of Trustees.,https://ilga.gov/Legislation/BillStatus?DocNum=1040459&GAID=18&DocTypeID=AM&LegId=168151&SessionID=114
AM1040459,statutes (citations),both_missing,,https://ilga.gov/Legislation/BillStatus?DocNum=1040459&GAID=18&DocTypeID=AM&LegId=168151&SessionID=114
AM1040459,sponsors,match,1 names,https://ilga.gov/Legislation/BillStatus?DocNum=1040459&GAID=18&DocTypeID=AM&LegId=168151&SessionID=114
AM1040459,chief sponsor,match,ilga.gov chiefs: {'senate': 'Laura M. Murphy'},https://ilga.gov/Legislation/BillStatus?DocNum=1040459&GAID=18&DocTypeID=AM&LegId=168151&SessionID=114
AM1040459,action count,match,ours 2 vs ilga.gov 2,https://ilga.gov/Legislation/BillStatus?DocNum=1040459&GAID=18&DocTypeID=AM&LegId=168151&SessionID=114
AM1040459,latest action,match,ours 2026-03-24 'Assigned to Executive Appointments' vs ilga.gov 2026-03-24 'Assigned to Executive Appointments',https://ilga.gov/Legislation/BillStatus?DocNum=1040459&GAID=18&DocTypeID=AM&LegId=168151&SessionID=114
AM1040263,title,match,'APPOINT-ARLENE A. JURACEK' vs 'APPOINT-ARLENE A. JURACEK',https://ilga.gov/Legislation/BillStatus?DocNum=1040263&GAID=18&DocTypeID=AM&LegId=164329&SessionID=114
AM1040263,synopsis (abstracts),ours_missing,Nominates Arlene A. Juracek as a Member of the Illinois Finance Authority.,https://ilga.gov/Legislation/BillStatus?DocNum=1040263&GAID=18&DocTypeID=AM&LegId=164329&SessionID=114
AM1040263,statutes (citations),both_missing,,https://ilga.gov/Legislation/BillStatus?DocNum=1040263&GAID=18&DocTypeID=AM&LegId=164329&SessionID=114
AM1040263,sponsors,match,1 names,https://ilga.gov/Legislation/BillStatus?DocNum=1040263&GAID=18&DocTypeID=AM&LegId=164329&SessionID=114
AM1040263,chief sponsor,match,ilga.gov chiefs: {'senate': 'Laura M. Murphy'},https://ilga.gov/Legislation/BillStatus?DocNum=1040263&GAID=18&DocTypeID=AM&LegId=164329&SessionID=114
AM1040263,action count,match,ours 9 vs ilga.gov 9,https://ilga.gov/Legislation/BillStatus?DocNum=1040263&GAID=18&DocTypeID=AM&LegId=164329&SessionID=114
AM1040263,latest action,match,ours 2026-04-29 'Appointment Confirmed' vs ilga.gov 2026-04-29 'Appointment Confirmed',https://ilga.gov/Legislation/BillStatus?DocNum=1040263&GAID=18&DocTypeID=AM&LegId=164329&SessionID=114
AM1040248,title,match,'APPOINT-ELAINE LLERENA' vs 'APPOINT-ELAINE LLERENA',https://ilga.gov/Legislation/BillStatus?DocNum=1040248&GAID=18&DocTypeID=AM&LegId=164286&SessionID=114
AM1040248,synopsis (abstracts),ours_missing,Nominates Elaine Llerena as an Arbitrator of the Workers' Compensation Commission.,https://ilga.gov/Legislation/BillStatus?DocNum=1040248&GAID=18&DocTypeID=AM&LegId=164286&SessionID=114
AM1040248,statutes (citations),both_missing,,https://ilga.gov/Legislation/BillStatus?DocNum=1040248&GAID=18&DocTypeID=AM&LegId=164286&SessionID=114
AM1040248,sponsors,match,1 names,https://ilga.gov/Legislation/BillStatus?DocNum=1040248&GAID=18&DocTypeID=AM&LegId=164286&SessionID=114
AM1040248,chief sponsor,match,ilga.gov chiefs: {'senate': 'Laura M. Murphy'},https://ilga.gov/Legislation/BillStatus?DocNum=1040248&GAID=18&DocTypeID=AM&LegId=164286&SessionID=114
AM1040248,action count,match,ours 4 vs ilga.gov 4,https://ilga.gov/Legislation/BillStatus?DocNum=1040248&GAID=18&DocTypeID=AM&LegId=164286&SessionID=114
AM1040248,latest action,match,"ours 2026-05-07 'Placed on Calendar Order of Executive Appointments May 12, 2026' vs ilga.gov 2026-05-07 'Placed on Calendar Order of Executive Appointments May 12, 2026'",https://ilga.gov/Legislation/BillStatus?DocNum=1040248&GAID=18&DocTypeID=AM&LegId=164286&SessionID=114
AM1040224,title,match,'APPOINT-MICHELE PANKOW' vs 'APPOINT-MICHELE PANKOW',https://ilga.gov/Legislation/BillStatus?DocNum=1040224&GAID=18&DocTypeID=AM&LegId=164261&SessionID=114
AM1040224,synopsis (abstracts),ours_missing,Nominates Michele Pankow as State Fire Marshal of the Office of the Illinois State Fire Marshal.,https://ilga.gov/Legislation/BillStatus?DocNum=1040224&GAID=18&DocTypeID=AM&LegId=164261&SessionID=114
AM1040224,statutes (citations),both_missing,,https://ilga.gov/Legislation/BillStatus?DocNum=1040224&GAID=18&DocTypeID=AM&LegId=164261&SessionID=114
AM1040224,sponsors,match,1 names,https://ilga.gov/Legislation/BillStatus?DocNum=1040224&GAID=18&DocTypeID=AM&LegId=164261&SessionID=114
AM1040224,chief sponsor,match,ilga.gov chiefs: {'senate': 'Laura M. Murphy'},https://ilga.gov/Legislation/BillStatus?DocNum=1040224&GAID=18&DocTypeID=AM&LegId=164261&SessionID=114
AM1040224,action count,match,ours 6 vs ilga.gov 6,https://ilga.gov/Legislation/BillStatus?DocNum=1040224&GAID=18&DocTypeID=AM&LegId=164261&SessionID=114
AM1040224,latest action,match,ours 2026-05-13 'Appointment Confirmed' vs ilga.gov 2026-05-13 'Appointment Confirmed',https://ilga.gov/Legislation/BillStatus?DocNum=1040224&GAID=18&DocTypeID=AM&LegId=164261&SessionID=114
HB1196,title,match,'STATE GOVERNMENT-TECH' vs 'STATE GOVERNMENT-TECH',https://ilga.gov/Legislation/BillStatus?DocNum=1196&GAID=18&DocTypeID=HB&LegId=156979&SessionID=114
HB1196,synopsis (abstracts),ours_missing,Amends the Children and Family Services Act. Makes a technical change in a Section concerning the short title.,https://ilga.gov/Legislation/BillStatus?DocNum=1196&GAID=18&DocTypeID=HB&LegId=156979&SessionID=114
HB1196,statutes (citations),ours_missing,20 ILCS 505/1.1,https://ilga.gov/Legislation/BillStatus?DocNum=1196&GAID=18&DocTypeID=HB&LegId=156979&SessionID=114
HB1196,sponsors,match,1 names,https://ilga.gov/Legislation/BillStatus?DocNum=1196&GAID=18&DocTypeID=HB&LegId=156979&SessionID=114
HB1196,chief sponsor,match,ilga.gov chiefs: {'house': 'Steven Reick'},https://ilga.gov/Legislation/BillStatus?DocNum=1196&GAID=18&DocTypeID=HB&LegId=156979&SessionID=114
HB1196,action count,match,ours 3 vs ilga.gov 3,https://ilga.gov/Legislation/BillStatus?DocNum=1196&GAID=18&DocTypeID=HB&LegId=156979&SessionID=114
HB1196,latest action,match,ours 2025-01-09 'Referred to Rules Committee' vs ilga.gov 2025-01-09 'Referred to Rules Committee',https://ilga.gov/Legislation/BillStatus?DocNum=1196&GAID=18&DocTypeID=HB&LegId=156979&SessionID=114
HB1289,title,match,'DEBT RESOLUTION SERVICES ACT' vs 'DEBT RESOLUTION SERVICES ACT',https://ilga.gov/Legislation/BillStatus?DocNum=1289&GAID=18&DocTypeID=HB&LegId=157083&SessionID=114
HB1289,synopsis (abstracts),ours_missing,Creates the Debt Resolution Services Act. Provides that no person shall provide or offer to provide debt resolution serv,https://ilga.gov/Legislation/BillStatus?DocNum=1289&GAID=18&DocTypeID=HB&LegId=157083&SessionID=114
HB1289,statutes (citations),ours_missing,30 ILCS 105/6z-26; 20 ILCS 1205/6; 205 ILCS 665/2,https://ilga.gov/Legislation/BillStatus?DocNum=1289&GAID=18&DocTypeID=HB&LegId=157083&SessionID=114
HB1289,sponsors,match,1 names,https://ilga.gov/Legislation/BillStatus?DocNum=1289&GAID=18&DocTypeID=HB&LegId=157083&SessionID=114
HB1289,chief sponsor,match,ilga.gov chiefs: {'house': 'Dagmara Avelar'},https://ilga.gov/Legislation/BillStatus?DocNum=1289&GAID=18&DocTypeID=HB&LegId=157083&SessionID=114
HB1289,action count,match,ours 3 vs ilga.gov 3,https://ilga.gov/Legislation/BillStatus?DocNum=1289&GAID=18&DocTypeID=HB&LegId=157083&SessionID=114
HB1289,latest action,match,ours 2025-01-28 'Referred to Rules Committee' vs ilga.gov 2025-01-28 'Referred to Rules Committee',https://ilga.gov/Legislation/BillStatus?DocNum=1289&GAID=18&DocTypeID=HB&LegId=157083&SessionID=114
HB1493,title,match,'CRIMINAL LAW-TECH' vs 'CRIMINAL LAW-TECH',https://ilga.gov/Legislation/BillStatus?DocNum=1493&GAID=18&DocTypeID=HB&LegId=157562&SessionID=114
HB1493,synopsis (abstracts),ours_missing,Amends the Illinois Prison Inspection Act. Makes a technical change in a Section concerning the short title.,https://ilga.gov/Legislation/BillStatus?DocNum=1493&GAID=18&DocTypeID=HB&LegId=157562&SessionID=114
HB1493,statutes (citations),ours_missing,730 ILCS 135/1,https://ilga.gov/Legislation/BillStatus?DocNum=1493&GAID=18&DocTypeID=HB&LegId=157562&SessionID=114
HB1493,sponsors,match,1 names,https://ilga.gov/Legislation/BillStatus?DocNum=1493&GAID=18&DocTypeID=HB&LegId=157562&SessionID=114
HB1493,chief sponsor,match,ilga.gov chiefs: {'house': 'Patrick Windhorst'},https://ilga.gov/Legislation/BillStatus?DocNum=1493&GAID=18&DocTypeID=HB&LegId=157562&SessionID=114
HB1493,action count,match,ours 3 vs ilga.gov 3,https://ilga.gov/Legislation/BillStatus?DocNum=1493&GAID=18&DocTypeID=HB&LegId=157562&SessionID=114
HB1493,latest action,match,ours 2025-01-28 'Referred to Rules Committee' vs ilga.gov 2025-01-28 'Referred to Rules Committee',https://ilga.gov/Legislation/BillStatus?DocNum=1493&GAID=18&DocTypeID=HB&LegId=157562&SessionID=114
HB1560,title,match,'BEP-WAIVERS' vs 'BEP-WAIVERS',https://ilga.gov/Legislation/BillStatus?DocNum=1560&GAID=18&DocTypeID=HB&LegId=157653&SessionID=114
HB1560,synopsis (abstracts),ours_missing,"Amends the Business Enterprise for Minorities, Women, and Persons with Disabilities Act. Provides that a waiver shall be",https://ilga.gov/Legislation/BillStatus?DocNum=1560&GAID=18&DocTypeID=HB&LegId=157653&SessionID=114
HB1560,statutes (citations),ours_missing,30 ILCS 575/7,https://ilga.gov/Legislation/BillStatus?DocNum=1560&GAID=18&DocTypeID=HB&LegId=157653&SessionID=114
HB1560,sponsors,match,1 names,https://ilga.gov/Legislation/BillStatus?DocNum=1560&GAID=18&DocTypeID=HB&LegId=157653&SessionID=114
HB1560,chief sponsor,match,ilga.gov chiefs: {'house': 'Charles Meier'},https://ilga.gov/Legislation/BillStatus?DocNum=1560&GAID=18&DocTypeID=HB&LegId=157653&SessionID=114
HB1560,action count,match,ours 3 vs ilga.gov 3,https://ilga.gov/Legislation/BillStatus?DocNum=1560&GAID=18&DocTypeID=HB&LegId=157653&SessionID=114
HB1560,latest action,match,ours 2025-01-28 'Referred to Rules Committee' vs ilga.gov 2025-01-28 'Referred to Rules Committee',https://ilga.gov/Legislation/BillStatus?DocNum=1560&GAID=18&DocTypeID=HB&LegId=157653&SessionID=114
HB2383,title,match,'GOVERNMENT-TECH' vs 'GOVERNMENT-TECH',https://ilga.gov/Legislation/BillStatus?DocNum=2383&GAID=18&DocTypeID=HB&LegId=160098&SessionID=114
HB2383,synopsis (abstracts),ours_missing,Amends the Illinois Administrative Procedure Act. Makes a technical change in a Section concerning the short title.,https://ilga.gov/Legislation/BillStatus?DocNum=2383&GAID=18&DocTypeID=HB&LegId=160098&SessionID=114
HB2383,statutes (citations),ours_missing,5 ILCS 100/1-1,https://ilga.gov/Legislation/BillStatus?DocNum=2383&GAID=18&DocTypeID=HB&LegId=160098&SessionID=114
HB2383,sponsors,match,1 names,https://ilga.gov/Legislation/BillStatus?DocNum=2383&GAID=18&DocTypeID=HB&LegId=160098&SessionID=114
HB2383,chief sponsor,match,ilga.gov chiefs: {'house': 'Jay Hoffman'},https://ilga.gov/Legislation/BillStatus?DocNum=2383&GAID=18&DocTypeID=HB&LegId=160098&SessionID=114
HB2383,action count,match,ours 3 vs ilga.gov 3,https://ilga.gov/Legislation/BillStatus?DocNum=2383&GAID=18&DocTypeID=HB&LegId=160098&SessionID=114
HB2383,latest action,match,ours 2025-02-04 'Referred to Rules Committee' vs ilga.gov 2025-02-04 'Referred to Rules Committee',https://ilga.gov/Legislation/BillStatus?DocNum=2383&GAID=18&DocTypeID=HB&LegId=160098&SessionID=114
HB2577,title,match,'STATE GOVERNMENT-TECH' vs 'STATE GOVERNMENT-TECH',https://ilga.gov/Legislation/BillStatus?DocNum=2577&GAID=18&DocTypeID=HB&LegId=160476&SessionID=114
HB2577,synopsis (abstracts),ours_missing,Amends the Energy Conservation Act. Makes a technical change in a Section concerning the short title.,https://ilga.gov/Legislation/BillStatus?DocNum=2577&GAID=18&DocTypeID=HB&LegId=160476&SessionID=114
HB2577,statutes (citations),ours_missing,20 ILCS 1115/1,https://ilga.gov/Legislation/BillStatus?DocNum=2577&GAID=18&DocTypeID=HB&LegId=160476&SessionID=114
HB2577,sponsors,match,1 names,https://ilga.gov/Legislation/BillStatus?DocNum=2577&GAID=18&DocTypeID=HB&LegId=160476&SessionID=114
HB2577,chief sponsor,match,"ilga.gov chiefs: {'house': 'Marcus C. Evans, Jr.'}",https://ilga.gov/Legislation/BillStatus?DocNum=2577&GAID=18&DocTypeID=HB&LegId=160476&SessionID=114
HB2577,action count,match,ours 3 vs ilga.gov 3,https://ilga.gov/Legislation/BillStatus?DocNum=2577&GAID=18&DocTypeID=HB&LegId=160476&SessionID=114
HB2577,latest action,match,ours 2025-02-06 'Referred to Rules Committee' vs ilga.gov 2025-02-06 'Referred to Rules Committee',https://ilga.gov/Legislation/BillStatus?DocNum=2577&GAID=18&DocTypeID=HB&LegId=160476&SessionID=114
HB3155,title,match,'VEH CD-INSURANCE VERIFICATION' vs 'VEH CD-INSURANCE VERIFICATION',https://ilga.gov/Legislation/BillStatus?DocNum=3155&GAID=18&DocTypeID=HB&LegId=161564&SessionID=114
HB3155,synopsis (abstracts),ours_missing,Amends the Mandatory Insurance Article of the Illinois Vehicle Code. Allows a person to provide a copy of an insurance c,https://ilga.gov/Legislation/BillStatus?DocNum=3155&GAID=18&DocTypeID=HB&LegId=161564&SessionID=114
HB3155,statutes (citations),ours_missing,625 ILCS 5/7-603.5,https://ilga.gov/Legislation/BillStatus?DocNum=3155&GAID=18&DocTypeID=HB&LegId=161564&SessionID=114
HB3155,sponsors,match,1 names,https://ilga.gov/Legislation/BillStatus?DocNum=3155&GAID=18&DocTypeID=HB&LegId=161564&SessionID=114
HB3155,chief sponsor,match,ilga.gov chiefs: {'house': 'Charles Meier'},https://ilga.gov/Legislation/BillStatus?DocNum=3155&GAID=18&DocTypeID=HB&LegId=161564&SessionID=114
HB3155,action count,match,ours 3 vs ilga.gov 3,https://ilga.gov/Legislation/BillStatus?DocNum=3155&GAID=18&DocTypeID=HB&LegId=161564&SessionID=114
HB3155,latest action,match,ours 2025-02-18 'Referred to Rules Committee' vs ilga.gov 2025-02-18 'Referred to Rules Committee',https://ilga.gov/Legislation/BillStatus?DocNum=3155&GAID=18&DocTypeID=HB&LegId=161564&SessionID=114
HB3424,title,match,'VICTIM PROTECTION ACT' vs 'VICTIM PROTECTION ACT',https://ilga.gov/Legislation/BillStatus?DocNum=3424&GAID=18&DocTypeID=HB&LegId=162037&SessionID=114
HB3424,synopsis (abstracts),ours_missing,Amends the Rights of Crime Victims and Witnesses Act. Provides that the Prisoner Review Board shall publish on its offic,https://ilga.gov/Legislation/BillStatus?DocNum=3424&GAID=18&DocTypeID=HB&LegId=162037&SessionID=114
HB3424,statutes (citations),ours_missing,725 ILCS 120/4.5; 730 ILCS 5/3-3-2; 730 ILCS 5/3-3-9,https://ilga.gov/Legislation/BillStatus?DocNum=3424&GAID=18&DocTypeID=HB&LegId=162037&SessionID=114
HB3424,sponsors,match,1 names,https://ilga.gov/Legislation/BillStatus?DocNum=3424&GAID=18&DocTypeID=HB&LegId=162037&SessionID=114
HB3424,chief sponsor,match,ilga.gov chiefs: {'house': 'Tony M. McCombie'},https://ilga.gov/Legislation/BillStatus?DocNum=3424&GAID=18&DocTypeID=HB&LegId=162037&SessionID=114
HB3424,action count,match,ours 3 vs ilga.gov 3,https://ilga.gov/Legislation/BillStatus?DocNum=3424&GAID=18&DocTypeID=HB&LegId=162037&SessionID=114
HB3424,latest action,match,ours 2025-02-18 'Referred to Rules Committee' vs ilga.gov 2025-02-18 'Referred to Rules Committee',https://ilga.gov/Legislation/BillStatus?DocNum=3424&GAID=18&DocTypeID=HB&LegId=162037&SessionID=114
HB1,title,match,'HEMP CANNABINOIDS-MINORS' vs 'HEMP CANNABINOIDS-MINORS',https://ilga.gov/Legislation/BillStatus?DocNum=1&GAID=18&DocTypeID=HB&LegId=156928&SessionID=114
HB1,synopsis (abstracts),ours_missing,Creates the Prevention of Use of Hemp Cannabinoid Products Intended for Human Consumption by Ingestion or Inhalation by ,https://ilga.gov/Legislation/BillStatus?DocNum=1&GAID=18&DocTypeID=HB&LegId=156928&SessionID=114
HB1,statutes (citations),both_missing,,https://ilga.gov/Legislation/BillStatus?DocNum=1&GAID=18&DocTypeID=HB&LegId=156928&SessionID=114
HB1,sponsors,match,2 names,https://ilga.gov/Legislation/BillStatus?DocNum=1&GAID=18&DocTypeID=HB&LegId=156928&SessionID=114
HB1,chief sponsor,match,ilga.gov chiefs: {'house': 'La Shawn K. Ford'},https://ilga.gov/Legislation/BillStatus?DocNum=1&GAID=18&DocTypeID=HB&LegId=156928&SessionID=114
HB1,action count,match,ours 4 vs ilga.gov 4,https://ilga.gov/Legislation/BillStatus?DocNum=1&GAID=18&DocTypeID=HB&LegId=156928&SessionID=114
HB1,latest action,match,ours 2025-02-25 'Added Co-Sponsor Rep. Rita Mayfield' vs ilga.gov 2025-02-25 'Added Co-Sponsor Rep. Rita Mayfield',https://ilga.gov/Legislation/BillStatus?DocNum=1&GAID=18&DocTypeID=HB&LegId=156928&SessionID=114
HB3924,title,match,'$ILLINOIS ARTS COUNCIL' vs '$ILLINOIS ARTS COUNCIL',https://ilga.gov/Legislation/BillStatus?DocNum=3924&GAID=18&DocTypeID=HB&LegId=162882&SessionID=114
HB3924,synopsis (abstracts),ours_missing,Makes appropriations for the ordinary and contingent expenses of the Illinois Arts Council for the fiscal year beginning,https://ilga.gov/Legislation/BillStatus?DocNum=3924&GAID=18&DocTypeID=HB&LegId=162882&SessionID=114
HB3924,statutes (citations),both_missing,,https://ilga.gov/Legislation/BillStatus?DocNum=3924&GAID=18&DocTypeID=HB&LegId=162882&SessionID=114
HB3924,sponsors,match,1 names,https://ilga.gov/Legislation/BillStatus?DocNum=3924&GAID=18&DocTypeID=HB&LegId=162882&SessionID=114
HB3924,chief sponsor,match,ilga.gov chiefs: {'house': 'Robyn Gabel'},https://ilga.gov/Legislation/BillStatus?DocNum=3924&GAID=18&DocTypeID=HB&LegId=162882&SessionID=114
HB3924,action count,match,ours 3 vs ilga.gov 3,https://ilga.gov/Legislation/BillStatus?DocNum=3924&GAID=18&DocTypeID=HB&LegId=162882&SessionID=114
HB3924,latest action,match,ours 2025-02-25 'Referred to Rules Committee' vs ilga.gov 2025-02-25 'Referred to Rules Committee',https://ilga.gov/Legislation/BillStatus?DocNum=3924&GAID=18&DocTypeID=HB&LegId=162882&SessionID=114
HB3989,title,match,'SAFETY-TECH' vs 'SAFETY-TECH',https://ilga.gov/Legislation/BillStatus?DocNum=3989&GAID=18&DocTypeID=HB&LegId=163053&SessionID=114
HB3989,synopsis (abstracts),ours_missing,Amends the Illinois Premise Alert Program (PAP) Act. Makes a technical change in a Section concerning the short title.,https://ilga.gov/Legislation/BillStatus?DocNum=3989&GAID=18&DocTypeID=HB&LegId=163053&SessionID=114
HB3989,statutes (citations),ours_missing,430 ILCS 132/1,https://ilga.gov/Legislation/BillStatus?DocNum=3989&GAID=18&DocTypeID=HB&LegId=163053&SessionID=114
HB3989,sponsors,match,1 names,https://ilga.gov/Legislation/BillStatus?DocNum=3989&GAID=18&DocTypeID=HB&LegId=163053&SessionID=114
HB3989,chief sponsor,match,"ilga.gov chiefs: {'house': 'Marcus C. Evans, Jr.'}",https://ilga.gov/Legislation/BillStatus?DocNum=3989&GAID=18&DocTypeID=HB&LegId=163053&SessionID=114
HB3989,action count,match,ours 3 vs ilga.gov 3,https://ilga.gov/Legislation/BillStatus?DocNum=3989&GAID=18&DocTypeID=HB&LegId=163053&SessionID=114
HB3989,latest action,match,ours 2025-02-25 'Referred to Rules Committee' vs ilga.gov 2025-02-25 'Referred to Rules Committee',https://ilga.gov/Legislation/BillStatus?DocNum=3989&GAID=18&DocTypeID=HB&LegId=163053&SessionID=114
HB1128,title,match,'FIREARM OWNERS ID-18 YEARS' vs 'FIREARM OWNERS ID-18 YEARS',https://ilga.gov/Legislation/BillStatus?DocNum=1128&GAID=18&DocTypeID=HB&LegId=156864&SessionID=114
HB1128,synopsis (abstracts),ours_missing,Amends the Firearm Owners Identification Card Act. Lowers the age at which a person may apply for a Firearm Owner's Iden,https://ilga.gov/Legislation/BillStatus?DocNum=1128&GAID=18&DocTypeID=HB&LegId=156864&SessionID=114
HB1128,statutes (citations),ours_missing,430 ILCS 65/4; 430 ILCS 65/8,https://ilga.gov/Legislation/BillStatus?DocNum=1128&GAID=18&DocTypeID=HB&LegId=156864&SessionID=114
HB1128,sponsors,match,6 names,https://ilga.gov/Legislation/BillStatus?DocNum=1128&GAID=18&DocTypeID=HB&LegId=156864&SessionID=114
HB1128,chief sponsor,match,ilga.gov chiefs: {'house': 'Charles Meier'},https://ilga.gov/Legislation/BillStatus?DocNum=1128&GAID=18&DocTypeID=HB&LegId=156864&SessionID=114
HB1128,action count,match,ours 8 vs ilga.gov 8,https://ilga.gov/Legislation/BillStatus?DocNum=1128&GAID=18&DocTypeID=HB&LegId=156864&SessionID=114
HB1128,latest action,match,"ours 2025-03-06 'Added Co-Sponsor Rep. Michael J. Coffey, Jr.' vs ilga.gov 2025-03-06 'Added Co-Sponsor Rep. Michael J. Coffey, Jr.'",https://ilga.gov/Legislation/BillStatus?DocNum=1128&GAID=18&DocTypeID=HB&LegId=156864&SessionID=114
HB1178,title,match,'JUV CT-COMMITMENT-AGE' vs 'JUV CT-COMMITMENT-AGE',https://ilga.gov/Legislation/BillStatus?DocNum=1178&GAID=18&DocTypeID=HB&LegId=156940&SessionID=114
HB1178,synopsis (abstracts),ours_missing,Amends the Juvenile Court Act of 1987. Provides that a minor found to be guilty may be committed to the Department of Ju,https://ilga.gov/Legislation/BillStatus?DocNum=1178&GAID=18&DocTypeID=HB&LegId=156940&SessionID=114
HB1178,statutes (citations),ours_missing,20 ILCS 505/17a-9; 705 ILCS 405/5-410,https://ilga.gov/Legislation/BillStatus?DocNum=1178&GAID=18&DocTypeID=HB&LegId=156940&SessionID=114
HB1178,sponsors,match,1 names,https://ilga.gov/Legislation/BillStatus?DocNum=1178&GAID=18&DocTypeID=HB&LegId=156940&SessionID=114
HB1178,chief sponsor,match,ilga.gov chiefs: {'house': 'Rita Mayfield'},https://ilga.gov/Legislation/BillStatus?DocNum=1178&GAID=18&DocTypeID=HB&LegId=156940&SessionID=114
HB1178,action count,match,ours 5 vs ilga.gov 5,https://ilga.gov/Legislation/BillStatus?DocNum=1178&GAID=18&DocTypeID=HB&LegId=156940&SessionID=114
HB1178,latest action,match,ours 2025-03-21 'Rule 19(a) / Re-referred to Rules Committee' vs ilga.gov 2025-03-21 'Rule 19(a) / Re-referred to Rules Committee',https://ilga.gov/Legislation/BillStatus?DocNum=1178&GAID=18&DocTypeID=HB&LegId=156940&SessionID=114
HB1645,title,match,"'PESTICIDE-2,4-D BAN' vs 'PESTICIDE-2,4-D BAN'",https://ilga.gov/Legislation/BillStatus?DocNum=1645&GAID=18&DocTypeID=HB&LegId=158548&SessionID=114
HB1645,synopsis (abstracts),ours_missing,"Amends the Illinois Pesticide Act. Bans the sale and use of ester formulations of 2,4-dichlorophenoxyacetic acid.",https://ilga.gov/Legislation/BillStatus?DocNum=1645&GAID=18&DocTypeID=HB&LegId=158548&SessionID=114
HB1645,statutes (citations),both_missing,,https://ilga.gov/Legislation/BillStatus?DocNum=1645&GAID=18&DocTypeID=HB&LegId=158548&SessionID=114
HB1645,sponsors,match,2 names,https://ilga.gov/Legislation/BillStatus?DocNum=1645&GAID=18&DocTypeID=HB&LegId=158548&SessionID=114
HB1645,chief sponsor,match,ilga.gov chiefs: {'house': 'Michelle Mussman'},https://ilga.gov/Legislation/BillStatus?DocNum=1645&GAID=18&DocTypeID=HB&LegId=158548&SessionID=114
HB1645,action count,match,ours 6 vs ilga.gov 6,https://ilga.gov/Legislation/BillStatus?DocNum=1645&GAID=18&DocTypeID=HB&LegId=158548&SessionID=114
HB1645,latest action,match,ours 2025-03-21 'Rule 19(a) / Re-referred to Rules Committee' vs ilga.gov 2025-03-21 'Rule 19(a) / Re-referred to Rules Committee',https://ilga.gov/Legislation/BillStatus?DocNum=1645&GAID=18&DocTypeID=HB&LegId=158548&SessionID=114
HB19,title,match,'FOID&CRIM CD-FLAMETHROWER' vs 'FOID&CRIM CD-FLAMETHROWER',https://ilga.gov/Legislation/BillStatus?DocNum=19&GAID=18&DocTypeID=HB&LegId=155675&SessionID=114
HB19,synopsis (abstracts),ours_missing,Amends the Firearm Owners Identification Card Act. Requires a person to have a currently valid Firearm Owner's Identific,https://ilga.gov/Legislation/BillStatus?DocNum=19&GAID=18&DocTypeID=HB&LegId=155675&SessionID=114
HB19,statutes (citations),ours_missing,430 ILCS 65/Act title; 430 ILCS 65/1; 430 ILCS 65/1.1,https://ilga.gov/Legislation/BillStatus?DocNum=19&GAID=18&DocTypeID=HB&LegId=155675&SessionID=114
HB19,sponsors,match,1 names,https://ilga.gov/Legislation/BillStatus?DocNum=19&GAID=18&DocTypeID=HB&LegId=155675&SessionID=114
HB19,chief sponsor,match,ilga.gov chiefs: {'house': 'Daniel Didech'},https://ilga.gov/Legislation/BillStatus?DocNum=19&GAID=18&DocTypeID=HB&LegId=155675&SessionID=114
HB19,action count,match,ours 5 vs ilga.gov 5,https://ilga.gov/Legislation/BillStatus?DocNum=19&GAID=18&DocTypeID=HB&LegId=155675&SessionID=114
HB19,latest action,match,ours 2025-03-21 'Rule 19(a) / Re-referred to Rules Committee' vs ilga.gov 2025-03-21 'Rule 19(a) / Re-referred to Rules Committee',https://ilga.gov/Legislation/BillStatus?DocNum=19&GAID=18&DocTypeID=HB&LegId=155675&SessionID=114
HB2469,title,match,'FILM TAX-IFO LOGO' vs 'FILM TAX-IFO LOGO',https://ilga.gov/Legislation/BillStatus?DocNum=2469&GAID=18&DocTypeID=HB&LegId=160265&SessionID=114
HB2469,synopsis (abstracts),ours_missing,Amends the Film Production Services Tax Credit Act of 2008. Provides that an accredited production must (i) include in t,https://ilga.gov/Legislation/BillStatus?DocNum=2469&GAID=18&DocTypeID=HB&LegId=160265&SessionID=114
HB2469,statutes (citations),both_missing,,https://ilga.gov/Legislation/BillStatus?DocNum=2469&GAID=18&DocTypeID=HB&LegId=160265&SessionID=114
HB2469,sponsors,match,1 names,https://ilga.gov/Legislation/BillStatus?DocNum=2469&GAID=18&DocTypeID=HB&LegId=160265&SessionID=114
HB2469,chief sponsor,match,ilga.gov chiefs: {'house': 'Janet Yang Rohr'},https://ilga.gov/Legislation/BillStatus?DocNum=2469&GAID=18&DocTypeID=HB&LegId=160265&SessionID=114
HB2469,action count,match,ours 6 vs ilga.gov 6,https://ilga.gov/Legislation/BillStatus?DocNum=2469&GAID=18&DocTypeID=HB&LegId=160265&SessionID=114
HB2469,latest action,match,ours 2025-03-21 'Rule 19(a) / Re-referred to Rules Committee' vs ilga.gov 2025-03-21 'Rule 19(a) / Re-referred to Rules Committee',https://ilga.gov/Legislation/BillStatus?DocNum=2469&GAID=18&DocTypeID=HB&LegId=160265&SessionID=114
HB2725,title,match,'VECTOR CONTROL PLAN NOTICE' vs 'VECTOR CONTROL PLAN NOTICE',https://ilga.gov/Legislation/BillStatus?DocNum=2725&GAID=18&DocTypeID=HB&LegId=160721&SessionID=114
HB2725,synopsis (abstracts),ours_missing,"Amends the Vector Control Act. Adds legislative findings to the Act. Defines ""integrated vector management approach"". Pr",https://ilga.gov/Legislation/BillStatus?DocNum=2725&GAID=18&DocTypeID=HB&LegId=160721&SessionID=114
HB2725,statutes (citations),ours_missing,410 ILCS 95/2,https://ilga.gov/Legislation/BillStatus?DocNum=2725&GAID=18&DocTypeID=HB&LegId=160721&SessionID=114
HB2725,sponsors,match,1 names,https://ilga.gov/Legislation/BillStatus?DocNum=2725&GAID=18&DocTypeID=HB&LegId=160721&SessionID=114
HB2725,chief sponsor,match,ilga.gov chiefs: {'house': 'Anna Moeller'},https://ilga.gov/Legislation/BillStatus?DocNum=2725&GAID=18&DocTypeID=HB&LegId=160721&SessionID=114
HB2725,action count,match,ours 5 vs ilga.gov 5,https://ilga.gov/Legislation/BillStatus?DocNum=2725&GAID=18&DocTypeID=HB&LegId=160721&SessionID=114
HB2725,latest action,match,ours 2025-03-21 'Rule 19(a) / Re-referred to Rules Committee' vs ilga.gov 2025-03-21 'Rule 19(a) / Re-referred to Rules Committee',https://ilga.gov/Legislation/BillStatus?DocNum=2725&GAID=18&DocTypeID=HB&LegId=160721&SessionID=114
HB2839,title,match,'CONSOLIDATE RTA SERVICE BOARDS' vs 'CONSOLIDATE RTA SERVICE BOARDS',https://ilga.gov/Legislation/BillStatus?DocNum=2839&GAID=18&DocTypeID=HB&LegId=160981&SessionID=114
HB2839,synopsis (abstracts),ours_missing,"Amends the Metropolitan Transit Authority Act. Provides that, on January 1, 2026 the Chicago Transit Authority shall bec",https://ilga.gov/Legislation/BillStatus?DocNum=2839&GAID=18&DocTypeID=HB&LegId=160981&SessionID=114
HB2839,statutes (citations),ours_missing,5 ILCS 120/2; 5 ILCS 375/2.6 rep.; 5 ILCS 375/2.7 rep.,https://ilga.gov/Legislation/BillStatus?DocNum=2839&GAID=18&DocTypeID=HB&LegId=160981&SessionID=114
HB2839,sponsors,differs,only ours: ['dan ugaste']; only ilga.gov: ['daniel ugaste'],https://ilga.gov/Legislation/BillStatus?DocNum=2839&GAID=18&DocTypeID=HB&LegId=160981&SessionID=114
HB2839,chief sponsor,differs,ilga.gov chiefs: {'house': 'Daniel J. Ugaste'},https://ilga.gov/Legislation/BillStatus?DocNum=2839&GAID=18&DocTypeID=HB&LegId=160981&SessionID=114
HB2839,action count,match,ours 5 vs ilga.gov 5,https://ilga.gov/Legislation/BillStatus?DocNum=2839&GAID=18&DocTypeID=HB&LegId=160981&SessionID=114
HB2839,latest action,match,ours 2025-03-21 'Rule 19(a) / Re-referred to Rules Committee' vs ilga.gov 2025-03-21 'Rule 19(a) / Re-referred to Rules Committee',https://ilga.gov/Legislation/BillStatus?DocNum=2839&GAID=18&DocTypeID=HB&LegId=160981&SessionID=114
HB2958,title,match,'IBHE-CAREER GUIDE' vs 'IBHE-CAREER GUIDE',https://ilga.gov/Legislation/BillStatus?DocNum=2958&GAID=18&DocTypeID=HB&LegId=161166&SessionID=114
HB2958,synopsis (abstracts),ours_missing,"Amends the Board of Higher Education Act. Requires the Board of Higher Education, in consultation with the Department of",https://ilga.gov/Legislation/BillStatus?DocNum=2958&GAID=18&DocTypeID=HB&LegId=161166&SessionID=114
HB2958,statutes (citations),both_missing,,https://ilga.gov/Legislation/BillStatus?DocNum=2958&GAID=18&DocTypeID=HB&LegId=161166&SessionID=114
HB2958,sponsors,match,1 names,https://ilga.gov/Legislation/BillStatus?DocNum=2958&GAID=18&DocTypeID=HB&LegId=161166&SessionID=114
HB2958,chief sponsor,match,ilga.gov chiefs: {'house': 'Michael Crawford'},https://ilga.gov/Legislation/BillStatus?DocNum=2958&GAID=18&DocTypeID=HB&LegId=161166&SessionID=114
HB2958,action count,match,ours 5 vs ilga.gov 5,https://ilga.gov/Legislation/BillStatus?DocNum=2958&GAID=18&DocTypeID=HB&LegId=161166&SessionID=114
HB2958,latest action,match,ours 2025-03-21 'Rule 19(a) / Re-referred to Rules Committee' vs ilga.gov 2025-03-21 'Rule 19(a) / Re-referred to Rules Committee',https://ilga.gov/Legislation/BillStatus?DocNum=2958&GAID=18&DocTypeID=HB&LegId=161166&SessionID=114
HB3188,title,match,'CONSUMER FRAUD-FIREARM VENDING' vs 'CONSUMER FRAUD-FIREARM VENDING',https://ilga.gov/Legislation/BillStatus?DocNum=3188&GAID=18&DocTypeID=HB&LegId=161629&SessionID=114
HB3188,synopsis (abstracts),ours_missing,Amends the Consumer Fraud and Deceptive Business Practices Act. In provisions concerning the sale and marketing of firea,https://ilga.gov/Legislation/BillStatus?DocNum=3188&GAID=18&DocTypeID=HB&LegId=161629&SessionID=114
HB3188,statutes (citations),ours_missing,815 ILCS 505/2DDDD,https://ilga.gov/Legislation/BillStatus?DocNum=3188&GAID=18&DocTypeID=HB&LegId=161629&SessionID=114
HB3188,sponsors,match,1 names,https://ilga.gov/Legislation/BillStatus?DocNum=3188&GAID=18&DocTypeID=HB&LegId=161629&SessionID=114
HB3188,chief sponsor,match,ilga.gov chiefs: {'house': 'Jawaharial Williams'},https://ilga.gov/Legislation/BillStatus?DocNum=3188&GAID=18&DocTypeID=HB&LegId=161629&SessionID=114
HB3188,action count,match,ours 5 vs ilga.gov 5,https://ilga.gov/Legislation/BillStatus?DocNum=3188&GAID=18&DocTypeID=HB&LegId=161629&SessionID=114
HB3188,latest action,match,ours 2025-03-21 'Rule 19(a) / Re-referred to Rules Committee' vs ilga.gov 2025-03-21 'Rule 19(a) / Re-referred to Rules Committee',https://ilga.gov/Legislation/BillStatus?DocNum=3188&GAID=18&DocTypeID=HB&LegId=161629&SessionID=114
HB3430,title,match,'NONCONSENUAL TOWING ACT' vs 'NONCONSENUAL TOWING ACT',https://ilga.gov/Legislation/BillStatus?DocNum=3430&GAID=18&DocTypeID=HB&LegId=162050&SessionID=114
HB3430,synopsis (abstracts),ours_missing,"Creates the Nonconsensual Towing Act. Creates the Commercial Vehicle Towing Advisory Committee. Sets forth members, term",https://ilga.gov/Legislation/BillStatus?DocNum=3430&GAID=18&DocTypeID=HB&LegId=162050&SessionID=114
HB3430,statutes (citations),both_missing,,https://ilga.gov/Legislation/BillStatus?DocNum=3430&GAID=18&DocTypeID=HB&LegId=162050&SessionID=114
HB3430,sponsors,match,1 names,https://ilga.gov/Legislation/BillStatus?DocNum=3430&GAID=18&DocTypeID=HB&LegId=162050&SessionID=114
HB3430,chief sponsor,match,ilga.gov chiefs: {'house': 'Norma Hernandez'},https://ilga.gov/Legislation/BillStatus?DocNum=3430&GAID=18&DocTypeID=HB&LegId=162050&SessionID=114
HB3430,action count,match,ours 5 vs ilga.gov 5,https://ilga.gov/Legislation/BillStatus?DocNum=3430&GAID=18&DocTypeID=HB&LegId=162050&SessionID=114
HB3430,latest action,match,ours 2025-03-21 'Rule 19(a) / Re-referred to Rules Committee' vs ilga.gov 2025-03-21 'Rule 19(a) / Re-referred to Rules Committee',https://ilga.gov/Legislation/BillStatus?DocNum=3430&GAID=18&DocTypeID=HB&LegId=162050&SessionID=114
HB3589,title,match,'STUDENT ATHLETE MEDICAL EVAL' vs 'STUDENT ATHLETE MEDICAL EVAL',https://ilga.gov/Legislation/BillStatus?DocNum=3589&GAID=18&DocTypeID=HB&LegId=162289&SessionID=114
HB3589,synopsis (abstracts),ours_missing,Amends the General Provisions Article of the School Code. Provides that students in grades 9 through 12 must satisfactor,https://ilga.gov/Legislation/BillStatus?DocNum=3589&GAID=18&DocTypeID=HB&LegId=162289&SessionID=114
HB3589,statutes (citations),both_missing,,https://ilga.gov/Legislation/BillStatus?DocNum=3589&GAID=18&DocTypeID=HB&LegId=162289&SessionID=114
HB3589,sponsors,match,1 names,https://ilga.gov/Legislation/BillStatus?DocNum=3589&GAID=18&DocTypeID=HB&LegId=162289&SessionID=114
HB3589,chief sponsor,match,ilga.gov chiefs: {'house': 'Nabeela Syed'},https://ilga.gov/Legislation/BillStatus?DocNum=3589&GAID=18&DocTypeID=HB&LegId=162289&SessionID=114
HB3589,action count,match,ours 5 vs ilga.gov 5,https://ilga.gov/Legislation/BillStatus?DocNum=3589&GAID=18&DocTypeID=HB&LegId=162289&SessionID=114
HB3589,latest action,match,ours 2025-03-21 'Rule 19(a) / Re-referred to Rules Committee' vs ilga.gov 2025-03-21 'Rule 19(a) / Re-referred to Rules Committee',https://ilga.gov/Legislation/BillStatus?DocNum=3589&GAID=18&DocTypeID=HB&LegId=162289&SessionID=114
HB3808,title,match,'PROP TX-CIRCUIT BREAKER' vs 'PROP TX-CIRCUIT BREAKER',https://ilga.gov/Legislation/BillStatus?DocNum=3808&GAID=18&DocTypeID=HB&LegId=162685&SessionID=114
HB3808,synopsis (abstracts),ours_missing,Creates the Circuit Breaker Property Tax Relief Act. Provides that an individual who: (i) is domiciled in this State; (i,https://ilga.gov/Legislation/BillStatus?DocNum=3808&GAID=18&DocTypeID=HB&LegId=162685&SessionID=114
HB3808,statutes (citations),ours_missing,30 ILCS 105/5.1030 new,https://ilga.gov/Legislation/BillStatus?DocNum=3808&GAID=18&DocTypeID=HB&LegId=162685&SessionID=114
HB3808,sponsors,match,11 names,https://ilga.gov/Legislation/BillStatus?DocNum=3808&GAID=18&DocTypeID=HB&LegId=162685&SessionID=114
HB3808,chief sponsor,match,ilga.gov chiefs: {'house': 'Justin Slaughter'},https://ilga.gov/Legislation/BillStatus?DocNum=3808&GAID=18&DocTypeID=HB&LegId=162685&SessionID=114
HB3808,action count,match,ours 16 vs ilga.gov 16,https://ilga.gov/Legislation/BillStatus?DocNum=3808&GAID=18&DocTypeID=HB&LegId=162685&SessionID=114
HB3808,latest action,match,ours 2025-03-21 'Rule 19(a) / Re-referred to Rules Committee' vs ilga.gov 2025-03-21 'Rule 19(a) / Re-referred to Rules Committee',https://ilga.gov/Legislation/BillStatus?DocNum=3808&GAID=18&DocTypeID=HB&LegId=162685&SessionID=114
HB3255,title,match,'PUBLIC SAFETY BENEFITS-SPOUSES' vs 'PUBLIC SAFETY BENEFITS-SPOUSES',https://ilga.gov/Legislation/BillStatus?DocNum=3255&GAID=18&DocTypeID=HB&LegId=161741&SessionID=114
HB3255,synopsis (abstracts),ours_missing,"Amends the Public Safety Employee Benefits Act. Provides that, if the injured employee subsequently dies, the employer s",https://ilga.gov/Legislation/BillStatus?DocNum=3255&GAID=18&DocTypeID=HB&LegId=161741&SessionID=114
HB3255,statutes (citations),ours_missing,820 ILCS 320/10,https://ilga.gov/Legislation/BillStatus?DocNum=3255&GAID=18&DocTypeID=HB&LegId=161741&SessionID=114
HB3255,sponsors,match,23 names,https://ilga.gov/Legislation/BillStatus?DocNum=3255&GAID=18&DocTypeID=HB&LegId=161741&SessionID=114
HB3255,chief sponsor,match,"ilga.gov chiefs: {'house': 'Lindsey LaPointe', 'senate': 'Mike Porfirio'}",https://ilga.gov/Legislation/BillStatus?DocNum=3255&GAID=18&DocTypeID=HB&LegId=161741&SessionID=114
HB3255,action count,match,ours 38 vs ilga.gov 38,https://ilga.gov/Legislation/BillStatus?DocNum=3255&GAID=18&DocTypeID=HB&LegId=161741&SessionID=114
HB3255,latest action,match,ours 2025-04-09 'Referred to Assignments' vs ilga.gov 2025-04-09 'Referred to Assignments',https://ilga.gov/Legislation/BillStatus?DocNum=3255&GAID=18&DocTypeID=HB&LegId=161741&SessionID=114
HB1857,title,match,'INS CD-INCONTINENCE SUPPLIES' vs 'INS CD-INCONTINENCE SUPPLIES',https://ilga.gov/Legislation/BillStatus?DocNum=1857&GAID=18&DocTypeID=HB&LegId=159365&SessionID=114
HB1857,synopsis (abstracts),ours_missing,Amends the Illinois Insurance Code. Provides that a group or individual policy of accident and health insurance or a man,https://ilga.gov/Legislation/BillStatus?DocNum=1857&GAID=18&DocTypeID=HB&LegId=159365&SessionID=114
HB1857,statutes (citations),ours_missing,5 ILCS 375/6.11; 55 ILCS 5/5-1069.3; 65 ILCS 5/10-4-2.3,https://ilga.gov/Legislation/BillStatus?DocNum=1857&GAID=18&DocTypeID=HB&LegId=159365&SessionID=114
HB1857,sponsors,match,6 names,https://ilga.gov/Legislation/BillStatus?DocNum=1857&GAID=18&DocTypeID=HB&LegId=159365&SessionID=114
HB1857,chief sponsor,match,ilga.gov chiefs: {'house': 'Laura Faver Dias'},https://ilga.gov/Legislation/BillStatus?DocNum=1857&GAID=18&DocTypeID=HB&LegId=159365&SessionID=114
HB1857,action count,match,ours 18 vs ilga.gov 18,https://ilga.gov/Legislation/BillStatus?DocNum=1857&GAID=18&DocTypeID=HB&LegId=159365&SessionID=114
HB1857,latest action,match,ours 2025-04-11 'House Floor Amendment No. 1 Rule 19(c) / Re-referred to Rules Committee' vs ilga.gov 2025-04-11 'House Floor Amendment No. 1 Rule 19(c) / Re-referred to Rules Committee',https://ilga.gov/Legislation/BillStatus?DocNum=1857&GAID=18&DocTypeID=HB&LegId=159365&SessionID=114
HB2853,title,match,'PARK DIST - COMPETITIVE BIDS' vs 'PARK DIST - COMPETITIVE BIDS',https://ilga.gov/Legislation/BillStatus?DocNum=2853&GAID=18&DocTypeID=HB&LegId=161021&SessionID=114
HB2853,synopsis (abstracts),ours_missing,Amends the Park District Code. Provides that all competitive bids for contracts involving an expenditure in excess of $5,https://ilga.gov/Legislation/BillStatus?DocNum=2853&GAID=18&DocTypeID=HB&LegId=161021&SessionID=114
HB2853,statutes (citations),ours_missing,70 ILCS 410/6; 70 ILCS 805/8; 70 ILCS 1205/8-1,https://ilga.gov/Legislation/BillStatus?DocNum=2853&GAID=18&DocTypeID=HB&LegId=161021&SessionID=114
HB2853,sponsors,match,2 names,https://ilga.gov/Legislation/BillStatus?DocNum=2853&GAID=18&DocTypeID=HB&LegId=161021&SessionID=114
HB2853,chief sponsor,match,ilga.gov chiefs: {'house': 'Debbie Meyers-Martin'},https://ilga.gov/Legislation/BillStatus?DocNum=2853&GAID=18&DocTypeID=HB&LegId=161021&SessionID=114
HB2853,action count,match,ours 14 vs ilga.gov 14,https://ilga.gov/Legislation/BillStatus?DocNum=2853&GAID=18&DocTypeID=HB&LegId=161021&SessionID=114
HB2853,latest action,match,ours 2025-04-11 'Rule 19(a) / Re-referred to Rules Committee' vs ilga.gov 2025-04-11 'Rule 19(a) / Re-referred to Rules Committee',https://ilga.gov/Legislation/BillStatus?DocNum=2853&GAID=18&DocTypeID=HB&LegId=161021&SessionID=114
HB3268,title,match,'CHILD CARE-QUALIFICATIONS' vs 'CHILD CARE-QUALIFICATIONS',https://ilga.gov/Legislation/BillStatus?DocNum=3268&GAID=18&DocTypeID=HB&LegId=161756&SessionID=114
HB3268,synopsis (abstracts),ours_missing,Amends the Child Care Act of 1969. Provides that an early childhood teacher must meet one of the following qualification,https://ilga.gov/Legislation/BillStatus?DocNum=3268&GAID=18&DocTypeID=HB&LegId=161756&SessionID=114
HB3268,statutes (citations),ours_missing,225 ILCS 10/6.5 new,https://ilga.gov/Legislation/BillStatus?DocNum=3268&GAID=18&DocTypeID=HB&LegId=161756&SessionID=114
HB3268,sponsors,match,3 names,https://ilga.gov/Legislation/BillStatus?DocNum=3268&GAID=18&DocTypeID=HB&LegId=161756&SessionID=114
HB3268,chief sponsor,match,ilga.gov chiefs: {'house': 'Harry Benton'},https://ilga.gov/Legislation/BillStatus?DocNum=3268&GAID=18&DocTypeID=HB&LegId=161756&SessionID=114
HB3268,action count,match,ours 19 vs ilga.gov 19,https://ilga.gov/Legislation/BillStatus?DocNum=3268&GAID=18&DocTypeID=HB&LegId=161756&SessionID=114
HB3268,latest action,match,ours 2025-04-11 'House Floor Amendment No. 2 Rule 19(c) / Re-referred to Rules Committee' vs ilga.gov 2025-04-11 'House Floor Amendment No. 2 Rule 19(c) / Re-referred to Rules Committee',https://ilga.gov/Legislation/BillStatus?DocNum=3268&GAID=18&DocTypeID=HB&LegId=161756&SessionID=114
HB1446,title,match,'TEMPORARY FIREARM STORAGE ACT' vs 'TEMPORARY FIREARM STORAGE ACT',https://ilga.gov/Legislation/BillStatus?DocNum=1446&GAID=18&DocTypeID=HB&LegId=157493&SessionID=114
HB1446,synopsis (abstracts),ours_missing,Creates the Temporary Firearm Storage Act. Requires all law enforcement agencies to establish temporary firearm storage ,https://ilga.gov/Legislation/BillStatus?DocNum=1446&GAID=18&DocTypeID=HB&LegId=157493&SessionID=114
HB1446,statutes (citations),both_missing,,https://ilga.gov/Legislation/BillStatus?DocNum=1446&GAID=18&DocTypeID=HB&LegId=157493&SessionID=114
HB1446,sponsors,match,4 names,https://ilga.gov/Legislation/BillStatus?DocNum=1446&GAID=18&DocTypeID=HB&LegId=157493&SessionID=114
HB1446,chief sponsor,match,ilga.gov chiefs: {'house': 'Janet Yang Rohr'},https://ilga.gov/Legislation/BillStatus?DocNum=1446&GAID=18&DocTypeID=HB&LegId=157493&SessionID=114
HB1446,action count,match,ours 8 vs ilga.gov 8,https://ilga.gov/Legislation/BillStatus?DocNum=1446&GAID=18&DocTypeID=HB&LegId=157493&SessionID=114
HB1446,latest action,match,ours 2025-04-30 'Added Co-Sponsor Rep. Martin McLaughlin' vs ilga.gov 2025-04-30 'Added Co-Sponsor Rep. Martin McLaughlin',https://ilga.gov/Legislation/BillStatus?DocNum=1446&GAID=18&DocTypeID=HB&LegId=157493&SessionID=114
HB4055,title,match,'NUCLEAR MORATORIUM REPEAL' vs 'NUCLEAR MORATORIUM REPEAL',https://ilga.gov/Legislation/BillStatus?DocNum=4055&GAID=18&DocTypeID=HB&LegId=163768&SessionID=114
HB4055,synopsis (abstracts),ours_missing,Amends the Public Utilities Act. Removes provisions prohibiting the construction of new nuclear power reactors with a na,https://ilga.gov/Legislation/BillStatus?DocNum=4055&GAID=18&DocTypeID=HB&LegId=163768&SessionID=114
HB4055,statutes (citations),ours_missing,220 ILCS 5/8-406,https://ilga.gov/Legislation/BillStatus?DocNum=4055&GAID=18&DocTypeID=HB&LegId=163768&SessionID=114
HB4055,sponsors,match,1 names,https://ilga.gov/Legislation/BillStatus?DocNum=4055&GAID=18&DocTypeID=HB&LegId=163768&SessionID=114
HB4055,chief sponsor,match,ilga.gov chiefs: {'house': 'Travis Weaver'},https://ilga.gov/Legislation/BillStatus?DocNum=4055&GAID=18&DocTypeID=HB&LegId=163768&SessionID=114
HB4055,action count,match,ours 3 vs ilga.gov 3,https://ilga.gov/Legislation/BillStatus?DocNum=4055&GAID=18&DocTypeID=HB&LegId=163768&SessionID=114
HB4055,latest action,match,ours 2025-05-15 'Referred to Rules Committee' vs ilga.gov 2025-05-15 'Referred to Rules Committee',https://ilga.gov/Legislation/BillStatus?DocNum=4055&GAID=18&DocTypeID=HB&LegId=163768&SessionID=114
HB197,title,match,'BUDGET IMPLEMENTATION-TECH' vs 'BUDGET IMPLEMENTATION-TECH',https://ilga.gov/Legislation/BillStatus?DocNum=197&GAID=18&DocTypeID=HB&LegId=155874&SessionID=114
HB197,synopsis (abstracts),ours_missing,"Creates the Fiscal Year 2026 Budget Implementation Act. Contains a short title only. Effective July 1, 2025.",https://ilga.gov/Legislation/BillStatus?DocNum=197&GAID=18&DocTypeID=HB&LegId=155874&SessionID=114
HB197,statutes (citations),both_missing,,https://ilga.gov/Legislation/BillStatus?DocNum=197&GAID=18&DocTypeID=HB&LegId=155874&SessionID=114
HB197,sponsors,match,1 names,https://ilga.gov/Legislation/BillStatus?DocNum=197&GAID=18&DocTypeID=HB&LegId=155874&SessionID=114
HB197,chief sponsor,match,"ilga.gov chiefs: {'house': 'Emanuel ""Chris"" Welch'}",https://ilga.gov/Legislation/BillStatus?DocNum=197&GAID=18&DocTypeID=HB&LegId=155874&SessionID=114
HB197,action count,match,ours 10 vs ilga.gov 10,https://ilga.gov/Legislation/BillStatus?DocNum=197&GAID=18&DocTypeID=HB&LegId=155874&SessionID=114
HB197,latest action,match,ours 2025-05-31 'Rule 19(a) / Re-referred to Rules Committee' vs ilga.gov 2025-05-31 'Rule 19(a) / Re-referred to Rules Committee',https://ilga.gov/Legislation/BillStatus?DocNum=197&GAID=18&DocTypeID=HB&LegId=155874&SessionID=114
HB264,title,match,'CIVIL LAW-TECH' vs 'CIVIL LAW-TECH',https://ilga.gov/Legislation/BillStatus?DocNum=264&GAID=18&DocTypeID=HB&LegId=155941&SessionID=114
HB264,synopsis (abstracts),ours_missing,Amends the Stalking No Contact Order Act. Makes a technical change in a Section concerning the short title.,https://ilga.gov/Legislation/BillStatus?DocNum=264&GAID=18&DocTypeID=HB&LegId=155941&SessionID=114
HB264,statutes (citations),ours_missing,740 ILCS 21/1,https://ilga.gov/Legislation/BillStatus?DocNum=264&GAID=18&DocTypeID=HB&LegId=155941&SessionID=114
HB264,sponsors,match,1 names,https://ilga.gov/Legislation/BillStatus?DocNum=264&GAID=18&DocTypeID=HB&LegId=155941&SessionID=114
HB264,chief sponsor,match,"ilga.gov chiefs: {'house': 'Emanuel ""Chris"" Welch'}",https://ilga.gov/Legislation/BillStatus?DocNum=264&GAID=18&DocTypeID=HB&LegId=155941&SessionID=114
HB264,action count,match,ours 10 vs ilga.gov 10,https://ilga.gov/Legislation/BillStatus?DocNum=264&GAID=18&DocTypeID=HB&LegId=155941&SessionID=114
HB264,latest action,match,ours 2025-05-31 'Rule 19(a) / Re-referred to Rules Committee' vs ilga.gov 2025-05-31 'Rule 19(a) / Re-referred to Rules Committee',https://ilga.gov/Legislation/BillStatus?DocNum=264&GAID=18&DocTypeID=HB&LegId=155941&SessionID=114
HB340,title,match,'CRIMINAL LAW-TECH' vs 'CRIMINAL LAW-TECH',https://ilga.gov/Legislation/BillStatus?DocNum=340&GAID=18&DocTypeID=HB&LegId=156017&SessionID=114
HB340,synopsis (abstracts),ours_missing,Amends the Illinois Controlled Substances Act. Makes a technical change in a Section concerning the short title.,https://ilga.gov/Legislation/BillStatus?DocNum=340&GAID=18&DocTypeID=HB&LegId=156017&SessionID=114
HB340,statutes (citations),ours_missing,720 ILCS 570/101,https://ilga.gov/Legislation/BillStatus?DocNum=340&GAID=18&DocTypeID=HB&LegId=156017&SessionID=114
HB340,sponsors,match,1 names,https://ilga.gov/Legislation/BillStatus?DocNum=340&GAID=18&DocTypeID=HB&LegId=156017&SessionID=114
HB340,chief sponsor,match,"ilga.gov chiefs: {'house': 'Emanuel ""Chris"" Welch'}",https://ilga.gov/Legislation/BillStatus?DocNum=340&GAID=18&DocTypeID=HB&LegId=156017&SessionID=114
HB340,action count,match,ours 10 vs ilga.gov 10,https://ilga.gov/Legislation/BillStatus?DocNum=340&GAID=18&DocTypeID=HB&LegId=156017&SessionID=114
HB340,latest action,match,ours 2025-05-31 'Rule 19(a) / Re-referred to Rules Committee' vs ilga.gov 2025-05-31 'Rule 19(a) / Re-referred to Rules Committee',https://ilga.gov/Legislation/BillStatus?DocNum=340&GAID=18&DocTypeID=HB&LegId=156017&SessionID=114
HB399,title,match,'CRIMINAL LAW-TECH' vs 'CRIMINAL LAW-TECH',https://ilga.gov/Legislation/BillStatus?DocNum=399&GAID=18&DocTypeID=HB&LegId=156076&SessionID=114
HB399,synopsis (abstracts),ours_missing,Amends the Freedom from Drone Surveillance Act. Makes a technical change in a Section concerning the short title.,https://ilga.gov/Legislation/BillStatus?DocNum=399&GAID=18&DocTypeID=HB&LegId=156076&SessionID=114
HB399,statutes (citations),ours_missing,725 ILCS 167/1,https://ilga.gov/Legislation/BillStatus?DocNum=399&GAID=18&DocTypeID=HB&LegId=156076&SessionID=114
HB399,sponsors,match,1 names,https://ilga.gov/Legislation/BillStatus?DocNum=399&GAID=18&DocTypeID=HB&LegId=156076&SessionID=114
HB399,chief sponsor,match,"ilga.gov chiefs: {'house': 'Emanuel ""Chris"" Welch'}",https://ilga.gov/Legislation/BillStatus?DocNum=399&GAID=18&DocTypeID=HB&LegId=156076&SessionID=114
HB399,action count,match,ours 10 vs ilga.gov 10,https://ilga.gov/Legislation/BillStatus?DocNum=399&GAID=18&DocTypeID=HB&LegId=156076&SessionID=114
HB399,latest action,match,ours 2025-05-31 'Rule 19(a) / Re-referred to Rules Committee' vs ilga.gov 2025-05-31 'Rule 19(a) / Re-referred to Rules Committee',https://ilga.gov/Legislation/BillStatus?DocNum=399&GAID=18&DocTypeID=HB&LegId=156076&SessionID=114
HB439,title,match,'EDUCATION-TECH' vs 'EDUCATION-TECH',https://ilga.gov/Legislation/BillStatus?DocNum=439&GAID=18&DocTypeID=HB&LegId=156116&SessionID=114
HB439,synopsis (abstracts),ours_missing,Amends the Educational Opportunity for Military Children Act. Makes a technical change in a Section concerning the short,https://ilga.gov/Legislation/BillStatus?DocNum=439&GAID=18&DocTypeID=HB&LegId=156116&SessionID=114
HB439,statutes (citations),ours_missing,105 ILCS 70/1,https://ilga.gov/Legislation/BillStatus?DocNum=439&GAID=18&DocTypeID=HB&LegId=156116&SessionID=114
HB439,sponsors,match,1 names,https://ilga.gov/Legislation/BillStatus?DocNum=439&GAID=18&DocTypeID=HB&LegId=156116&SessionID=114
HB439,chief sponsor,match,"ilga.gov chiefs: {'house': 'Emanuel ""Chris"" Welch'}",https://ilga.gov/Legislation/BillStatus?DocNum=439&GAID=18&DocTypeID=HB&LegId=156116&SessionID=114
HB439,action count,match,ours 10 vs ilga.gov 10,https://ilga.gov/Legislation/BillStatus?DocNum=439&GAID=18&DocTypeID=HB&LegId=156116&SessionID=114
HB439,latest action,match,ours 2025-05-31 'Rule 19(a) / Re-referred to Rules Committee' vs ilga.gov 2025-05-31 'Rule 19(a) / Re-referred to Rules Committee',https://ilga.gov/Legislation/BillStatus?DocNum=439&GAID=18&DocTypeID=HB&LegId=156116&SessionID=114
HB535,title,match,'FINANCE-TECH' vs 'FINANCE-TECH',https://ilga.gov/Legislation/BillStatus?DocNum=535&GAID=18&DocTypeID=HB&LegId=156213&SessionID=114
HB535,synopsis (abstracts),ours_missing,Amends the Bond Authorization Act. Makes a technical change in a Section concerning the short title.,https://ilga.gov/Legislation/BillStatus?DocNum=535&GAID=18&DocTypeID=HB&LegId=156213&SessionID=114
HB535,statutes (citations),ours_missing,30 ILCS 305/0.01,https://ilga.gov/Legislation/BillStatus?DocNum=535&GAID=18&DocTypeID=HB&LegId=156213&SessionID=114
HB535,sponsors,match,1 names,https://ilga.gov/Legislation/BillStatus?DocNum=535&GAID=18&DocTypeID=HB&LegId=156213&SessionID=114
HB535,chief sponsor,match,"ilga.gov chiefs: {'house': 'Emanuel ""Chris"" Welch'}",https://ilga.gov/Legislation/BillStatus?DocNum=535&GAID=18&DocTypeID=HB&LegId=156213&SessionID=114
HB535,action count,match,ours 10 vs ilga.gov 10,https://ilga.gov/Legislation/BillStatus?DocNum=535&GAID=18&DocTypeID=HB&LegId=156213&SessionID=114
HB535,latest action,match,ours 2025-05-31 'Rule 19(a) / Re-referred to Rules Committee' vs ilga.gov 2025-05-31 'Rule 19(a) / Re-referred to Rules Committee',https://ilga.gov/Legislation/BillStatus?DocNum=535&GAID=18&DocTypeID=HB&LegId=156213&SessionID=114
HB621,title,match,'HEALTH-TECH' vs 'HEALTH-TECH',https://ilga.gov/Legislation/BillStatus?DocNum=621&GAID=18&DocTypeID=HB&LegId=156299&SessionID=114
HB621,synopsis (abstracts),ours_missing,Amends the Restroom Access Act. Makes a technical change in a Section concerning the short title.,https://ilga.gov/Legislation/BillStatus?DocNum=621&GAID=18&DocTypeID=HB&LegId=156299&SessionID=114
HB621,statutes (citations),ours_missing,410 ILCS 39/1,https://ilga.gov/Legislation/BillStatus?DocNum=621&GAID=18&DocTypeID=HB&LegId=156299&SessionID=114
HB621,sponsors,match,1 names,https://ilga.gov/Legislation/BillStatus?DocNum=621&GAID=18&DocTypeID=HB&LegId=156299&SessionID=114
HB621,chief sponsor,match,"ilga.gov chiefs: {'house': 'Emanuel ""Chris"" Welch'}",https://ilga.gov/Legislation/BillStatus?DocNum=621&GAID=18&DocTypeID=HB&LegId=156299&SessionID=114
HB621,action count,match,ours 10 vs ilga.gov 10,https://ilga.gov/Legislation/BillStatus?DocNum=621&GAID=18&DocTypeID=HB&LegId=156299&SessionID=114
HB621,latest action,match,ours 2025-05-31 'Rule 19(a) / Re-referred to Rules Committee' vs ilga.gov 2025-05-31 'Rule 19(a) / Re-referred to Rules Committee',https://ilga.gov/Legislation/BillStatus?DocNum=621&GAID=18&DocTypeID=HB&LegId=156299&SessionID=114
HB682,title,match,'LOCAL GOVERNMENT-TECH' vs 'LOCAL GOVERNMENT-TECH',https://ilga.gov/Legislation/BillStatus?DocNum=682&GAID=18&DocTypeID=HB&LegId=156360&SessionID=114
HB682,synopsis (abstracts),ours_missing,Amends the Local Government Travel Expense Control Act. Makes a technical change in a Section concerning the short title,https://ilga.gov/Legislation/BillStatus?DocNum=682&GAID=18&DocTypeID=HB&LegId=156360&SessionID=114
HB682,statutes (citations),ours_missing,50 ILCS 150/1,https://ilga.gov/Legislation/BillStatus?DocNum=682&GAID=18&DocTypeID=HB&LegId=156360&SessionID=114
HB682,sponsors,match,1 names,https://ilga.gov/Legislation/BillStatus?DocNum=682&GAID=18&DocTypeID=HB&LegId=156360&SessionID=114
HB682,chief sponsor,match,"ilga.gov chiefs: {'house': 'Emanuel ""Chris"" Welch'}",https://ilga.gov/Legislation/BillStatus?DocNum=682&GAID=18&DocTypeID=HB&LegId=156360&SessionID=114
HB682,action count,match,ours 10 vs ilga.gov 10,https://ilga.gov/Legislation/BillStatus?DocNum=682&GAID=18&DocTypeID=HB&LegId=156360&SessionID=114
HB682,latest action,match,ours 2025-05-31 'Rule 19(a) / Re-referred to Rules Committee' vs ilga.gov 2025-05-31 'Rule 19(a) / Re-referred to Rules Committee',https://ilga.gov/Legislation/BillStatus?DocNum=682&GAID=18&DocTypeID=HB&LegId=156360&SessionID=114
HB745,title,match,'REGULATION-TECH' vs 'REGULATION-TECH',https://ilga.gov/Legislation/BillStatus?DocNum=745&GAID=18&DocTypeID=HB&LegId=156423&SessionID=114
HB745,synopsis (abstracts),ours_missing,Amends the Illinois Trust and Payable on Death Accounts Act. Makes a technical change in the Section concerning the shor,https://ilga.gov/Legislation/BillStatus?DocNum=745&GAID=18&DocTypeID=HB&LegId=156423&SessionID=114
HB745,statutes (citations),ours_missing,205 ILCS 625/1,https://ilga.gov/Legislation/BillStatus?DocNum=745&GAID=18&DocTypeID=HB&LegId=156423&SessionID=114
HB745,sponsors,match,1 names,https://ilga.gov/Legislation/BillStatus?DocNum=745&GAID=18&DocTypeID=HB&LegId=156423&SessionID=114
HB745,chief sponsor,match,"ilga.gov chiefs: {'house': 'Emanuel ""Chris"" Welch'}",https://ilga.gov/Legislation/BillStatus?DocNum=745&GAID=18&DocTypeID=HB&LegId=156423&SessionID=114
HB745,action count,match,ours 10 vs ilga.gov 10,https://ilga.gov/Legislation/BillStatus?DocNum=745&GAID=18&DocTypeID=HB&LegId=156423&SessionID=114
HB745,latest action,match,ours 2025-05-31 'Rule 19(a) / Re-referred to Rules Committee' vs ilga.gov 2025-05-31 'Rule 19(a) / Re-referred to Rules Committee',https://ilga.gov/Legislation/BillStatus?DocNum=745&GAID=18&DocTypeID=HB&LegId=156423&SessionID=114
HB847,title,match,'SAFETY-TECH' vs 'SAFETY-TECH',https://ilga.gov/Legislation/BillStatus?DocNum=847&GAID=18&DocTypeID=HB&LegId=156525&SessionID=114
HB847,synopsis (abstracts),ours_missing,Amends the Illinois Nuclear Safety Preparedness Act. Makes a technical change in a Section concerning the short title.,https://ilga.gov/Legislation/BillStatus?DocNum=847&GAID=18&DocTypeID=HB&LegId=156525&SessionID=114
HB847,statutes (citations),ours_missing,420 ILCS 5/1,https://ilga.gov/Legislation/BillStatus?DocNum=847&GAID=18&DocTypeID=HB&LegId=156525&SessionID=114
HB847,sponsors,match,1 names,https://ilga.gov/Legislation/BillStatus?DocNum=847&GAID=18&DocTypeID=HB&LegId=156525&SessionID=114
HB847,chief sponsor,match,"ilga.gov chiefs: {'house': 'Emanuel ""Chris"" Welch'}",https://ilga.gov/Legislation/BillStatus?DocNum=847&GAID=18&DocTypeID=HB&LegId=156525&SessionID=114
HB847,action count,match,ours 10 vs ilga.gov 10,https://ilga.gov/Legislation/BillStatus?DocNum=847&GAID=18&DocTypeID=HB&LegId=156525&SessionID=114
HB847,latest action,match,ours 2025-05-31 'Rule 19(a) / Re-referred to Rules Committee' vs ilga.gov 2025-05-31 'Rule 19(a) / Re-referred to Rules Committee',https://ilga.gov/Legislation/BillStatus?DocNum=847&GAID=18&DocTypeID=HB&LegId=156525&SessionID=114
HB873,title,match,'STATE GOVERNMENT-TECH' vs 'STATE GOVERNMENT-TECH',https://ilga.gov/Legislation/BillStatus?DocNum=873&GAID=18&DocTypeID=HB&LegId=156551&SessionID=114
HB873,synopsis (abstracts),ours_missing,Amends the Attorney General Act. Makes a technical change in a Section concerning the short title.,https://ilga.gov/Legislation/BillStatus?DocNum=873&GAID=18&DocTypeID=HB&LegId=156551&SessionID=114
HB873,statutes (citations),ours_missing,15 ILCS 205/0.01,https://ilga.gov/Legislation/BillStatus?DocNum=873&GAID=18&DocTypeID=HB&LegId=156551&SessionID=114
HB873,sponsors,match,1 names,https://ilga.gov/Legislation/BillStatus?DocNum=873&GAID=18&DocTypeID=HB&LegId=156551&SessionID=114
HB873,chief sponsor,match,"ilga.gov chiefs: {'house': 'Emanuel ""Chris"" Welch'}",https://ilga.gov/Legislation/BillStatus?DocNum=873&GAID=18&DocTypeID=HB&LegId=156551&SessionID=114
HB873,action count,match,ours 10 vs ilga.gov 10,https://ilga.gov/Legislation/BillStatus?DocNum=873&GAID=18&DocTypeID=HB&LegId=156551&SessionID=114
HB873,latest action,match,ours 2025-05-31 'Rule 19(a) / Re-referred to Rules Committee' vs ilga.gov 2025-05-31 'Rule 19(a) / Re-referred to Rules Committee',https://ilga.gov/Legislation/BillStatus?DocNum=873&GAID=18&DocTypeID=HB&LegId=156551&SessionID=114
HB963,title,match,'TRANSPORTATION-TECH' vs 'TRANSPORTATION-TECH',https://ilga.gov/Legislation/BillStatus?DocNum=963&GAID=18&DocTypeID=HB&LegId=156641&SessionID=114
HB963,synopsis (abstracts),ours_missing,Amends the Illinois Highway Code. Makes a technical change in a Section concerning the short title.,https://ilga.gov/Legislation/BillStatus?DocNum=963&GAID=18&DocTypeID=HB&LegId=156641&SessionID=114
HB963,statutes (citations),ours_missing,605 ILCS 5/1-101,https://ilga.gov/Legislation/BillStatus?DocNum=963&GAID=18&DocTypeID=HB&LegId=156641&SessionID=114
HB963,sponsors,match,1 names,https://ilga.gov/Legislation/BillStatus?DocNum=963&GAID=18&DocTypeID=HB&LegId=156641&SessionID=114
HB963,chief sponsor,match,"ilga.gov chiefs: {'house': 'Emanuel ""Chris"" Welch'}",https://ilga.gov/Legislation/BillStatus?DocNum=963&GAID=18&DocTypeID=HB&LegId=156641&SessionID=114
HB963,action count,match,ours 10 vs ilga.gov 10,https://ilga.gov/Legislation/BillStatus?DocNum=963&GAID=18&DocTypeID=HB&LegId=156641&SessionID=114
HB963,latest action,match,ours 2025-05-31 'Rule 19(a) / Re-referred to Rules Committee' vs ilga.gov 2025-05-31 'Rule 19(a) / Re-referred to Rules Committee',https://ilga.gov/Legislation/BillStatus?DocNum=963&GAID=18&DocTypeID=HB&LegId=156641&SessionID=114
HB107,title,match,'$DEPT LABOR-TECH' vs '$DEPT LABOR-TECH',https://ilga.gov/Legislation/BillStatus?DocNum=107&GAID=18&DocTypeID=HB&LegId=155783&SessionID=114
HB107,synopsis (abstracts),ours_missing,Appropriates $2 from the General Revenue Fund to the Department of Labor for its FY26 ordinary and contingent expenses. ,https://ilga.gov/Legislation/BillStatus?DocNum=107&GAID=18&DocTypeID=HB&LegId=155783&SessionID=114
HB107,statutes (citations),both_missing,,https://ilga.gov/Legislation/BillStatus?DocNum=107&GAID=18&DocTypeID=HB&LegId=155783&SessionID=114
HB107,sponsors,match,1 names,https://ilga.gov/Legislation/BillStatus?DocNum=107&GAID=18&DocTypeID=HB&LegId=155783&SessionID=114
HB107,chief sponsor,match,"ilga.gov chiefs: {'house': 'Emanuel ""Chris"" Welch'}",https://ilga.gov/Legislation/BillStatus?DocNum=107&GAID=18&DocTypeID=HB&LegId=155783&SessionID=114
HB107,action count,match,ours 9 vs ilga.gov 9,https://ilga.gov/Legislation/BillStatus?DocNum=107&GAID=18&DocTypeID=HB&LegId=155783&SessionID=114
HB107,latest action,match,ours 2025-07-01 'Rule 19(b) / Re-referred to Rules Committee' vs ilga.gov 2025-07-01 'Rule 19(b) / Re-referred to Rules Committee',https://ilga.gov/Legislation/BillStatus?DocNum=107&GAID=18&DocTypeID=HB&LegId=155783&SessionID=114
HB1402,title,match,'$CDB-JACKSONVILLE DEVELOP CTR' vs '$CDB-JACKSONVILLE DEVELOP CTR',https://ilga.gov/Legislation/BillStatus?DocNum=1402&GAID=18&DocTypeID=HB&LegId=157392&SessionID=114
HB1402,synopsis (abstracts),ours_missing,"Appropriates the sum of $67,622,000, or so much thereof as may be necessary, from the Build Illinois Bond Fund to the Ca",https://ilga.gov/Legislation/BillStatus?DocNum=1402&GAID=18&DocTypeID=HB&LegId=157392&SessionID=114
HB1402,statutes (citations),both_missing,,https://ilga.gov/Legislation/BillStatus?DocNum=1402&GAID=18&DocTypeID=HB&LegId=157392&SessionID=114
HB1402,sponsors,match,1 names,https://ilga.gov/Legislation/BillStatus?DocNum=1402&GAID=18&DocTypeID=HB&LegId=157392&SessionID=114
HB1402,chief sponsor,match,ilga.gov chiefs: {'house': 'Kyle Moore'},https://ilga.gov/Legislation/BillStatus?DocNum=1402&GAID=18&DocTypeID=HB&LegId=157392&SessionID=114
HB1402,action count,match,ours 6 vs ilga.gov 6,https://ilga.gov/Legislation/BillStatus?DocNum=1402&GAID=18&DocTypeID=HB&LegId=157392&SessionID=114
HB1402,latest action,match,ours 2025-07-01 'Rule 19(b) / Re-referred to Rules Committee' vs ilga.gov 2025-07-01 'Rule 19(b) / Re-referred to Rules Committee',https://ilga.gov/Legislation/BillStatus?DocNum=1402&GAID=18&DocTypeID=HB&LegId=157392&SessionID=114
HB3319,title,match,'$IDPH-STATE HEALTH ASSESSMENT' vs '$IDPH-STATE HEALTH ASSESSMENT',https://ilga.gov/Legislation/BillStatus?DocNum=3319&GAID=18&DocTypeID=HB&LegId=161809&SessionID=114
HB3319,synopsis (abstracts),ours_missing,"Appropriates $750,000 to the Department of Public Health for costs associated with developing and implementing the State",https://ilga.gov/Legislation/BillStatus?DocNum=3319&GAID=18&DocTypeID=HB&LegId=161809&SessionID=114
HB3319,statutes (citations),both_missing,,https://ilga.gov/Legislation/BillStatus?DocNum=3319&GAID=18&DocTypeID=HB&LegId=161809&SessionID=114
HB3319,sponsors,match,1 names,https://ilga.gov/Legislation/BillStatus?DocNum=3319&GAID=18&DocTypeID=HB&LegId=161809&SessionID=114
HB3319,chief sponsor,match,ilga.gov chiefs: {'house': 'Nicolle Grasse'},https://ilga.gov/Legislation/BillStatus?DocNum=3319&GAID=18&DocTypeID=HB&LegId=161809&SessionID=114
HB3319,action count,match,ours 5 vs ilga.gov 5,https://ilga.gov/Legislation/BillStatus?DocNum=3319&GAID=18&DocTypeID=HB&LegId=161809&SessionID=114
HB3319,latest action,match,ours 2025-07-01 'Rule 19(b) / Re-referred to Rules Committee' vs ilga.gov 2025-07-01 'Rule 19(b) / Re-referred to Rules Committee',https://ilga.gov/Legislation/BillStatus?DocNum=3319&GAID=18&DocTypeID=HB&LegId=161809&SessionID=114
HB1457,title,match,'ESTATE TAX-EXCLUSION AMT' vs 'ESTATE TAX-EXCLUSION AMT',https://ilga.gov/Legislation/BillStatus?DocNum=1457&GAID=18&DocTypeID=HB&LegId=157510&SessionID=114
HB1457,synopsis (abstracts),ours_missing,"Amends the Illinois Estate and Generation-Skipping Transfer Tax Act. Increases the exclusion amount from $4,000,000 to $",https://ilga.gov/Legislation/BillStatus?DocNum=1457&GAID=18&DocTypeID=HB&LegId=157510&SessionID=114
HB1457,statutes (citations),ours_missing,35 ILCS 405/2,https://ilga.gov/Legislation/BillStatus?DocNum=1457&GAID=18&DocTypeID=HB&LegId=157510&SessionID=114
HB1457,sponsors,match,7 names,https://ilga.gov/Legislation/BillStatus?DocNum=1457&GAID=18&DocTypeID=HB&LegId=157510&SessionID=114
HB1457,chief sponsor,match,ilga.gov chiefs: {'house': 'Norine K. Hammond'},https://ilga.gov/Legislation/BillStatus?DocNum=1457&GAID=18&DocTypeID=HB&LegId=157510&SessionID=114
HB1457,action count,match,ours 12 vs ilga.gov 12,https://ilga.gov/Legislation/BillStatus?DocNum=1457&GAID=18&DocTypeID=HB&LegId=157510&SessionID=114
HB1457,latest action,match,ours 2025-07-15 'Added Co-Sponsor Rep. Brandun Schweizer' vs ilga.gov 2025-07-15 'Added Co-Sponsor Rep. Brandun Schweizer',https://ilga.gov/Legislation/BillStatus?DocNum=1457&GAID=18&DocTypeID=HB&LegId=157510&SessionID=114
HB1648,title,match,'PEN CD-FIRE-PAYMENT REDIRECTS' vs 'PEN CD-FIRE-PAYMENT REDIRECTS',https://ilga.gov/Legislation/BillStatus?DocNum=1648&GAID=18&DocTypeID=HB&LegId=158565&SessionID=114
HB1648,synopsis (abstracts),ours_missing,"Amends the Downstate Firefighter Article of the Illinois Pension Code. Provides that a pensioner, annuitant, applicant f",https://ilga.gov/Legislation/BillStatus?DocNum=1648&GAID=18&DocTypeID=HB&LegId=158565&SessionID=114
HB1648,statutes (citations),ours_missing,40 ILCS 5/4-135,https://ilga.gov/Legislation/BillStatus?DocNum=1648&GAID=18&DocTypeID=HB&LegId=158565&SessionID=114
HB1648,sponsors,differs,only ours: ['dan ugaste']; only ilga.gov: ['daniel ugaste'],https://ilga.gov/Legislation/BillStatus?DocNum=1648&GAID=18&DocTypeID=HB&LegId=158565&SessionID=114
HB1648,chief sponsor,match,"ilga.gov chiefs: {'house': 'Brad Stephens', 'senate': 'Donald P. DeWitte'}",https://ilga.gov/Legislation/BillStatus?DocNum=1648&GAID=18&DocTypeID=HB&LegId=158565&SessionID=114
HB1648,action count,match,ours 45 vs ilga.gov 45,https://ilga.gov/Legislation/BillStatus?DocNum=1648&GAID=18&DocTypeID=HB&LegId=158565&SessionID=114
HB1648,latest action,match,ours 2025-08-15 'Public Act . . . . . . . . . 104-0196' vs ilga.gov 2025-08-15 'Public Act . . . . . . . . . 104-0196',https://ilga.gov/Legislation/BillStatus?DocNum=1648&GAID=18&DocTypeID=HB&LegId=158565&SessionID=114
HB1648,public act number,match,104-0196,https://ilga.gov/Legislation/BillStatus?DocNum=1648&GAID=18&DocTypeID=HB&LegId=158565&SessionID=114
HB2877,title,match,'HOSPICE PROGRAM BOARD REPORT' vs 'HOSPICE PROGRAM BOARD REPORT',https://ilga.gov/Legislation/BillStatus?DocNum=2877&GAID=18&DocTypeID=HB&LegId=161067&SessionID=114
HB2877,synopsis (abstracts),ours_missing,"Amends the Hospice Program Licensing Act. Provides that, no later than December 31, 2026, the Hospice and Palliative Car",https://ilga.gov/Legislation/BillStatus?DocNum=2877&GAID=18&DocTypeID=HB&LegId=161067&SessionID=114
HB2877,statutes (citations),ours_missing,210 ILCS 60/15,https://ilga.gov/Legislation/BillStatus?DocNum=2877&GAID=18&DocTypeID=HB&LegId=161067&SessionID=114
HB2877,sponsors,match,8 names,https://ilga.gov/Legislation/BillStatus?DocNum=2877&GAID=18&DocTypeID=HB&LegId=161067&SessionID=114
HB2877,chief sponsor,match,"ilga.gov chiefs: {'house': 'Nicolle Grasse', 'senate': 'David Koehler'}",https://ilga.gov/Legislation/BillStatus?DocNum=2877&GAID=18&DocTypeID=HB&LegId=161067&SessionID=114
HB2877,action count,match,ours 32 vs ilga.gov 32,https://ilga.gov/Legislation/BillStatus?DocNum=2877&GAID=18&DocTypeID=HB&LegId=161067&SessionID=114
HB2877,latest action,match,ours 2025-08-15 'Public Act . . . . . . . . . 104-0253' vs ilga.gov 2025-08-15 'Public Act . . . . . . . . . 104-0253',https://ilga.gov/Legislation/BillStatus?DocNum=2877&GAID=18&DocTypeID=HB&LegId=161067&SessionID=114
HB2877,public act number,match,104-0253,https://ilga.gov/Legislation/BillStatus?DocNum=2877&GAID=18&DocTypeID=HB&LegId=161067&SessionID=114
HB3489,title,match,'PHARMACISTS-CONTRACEPTIVES' vs 'PHARMACISTS-CONTRACEPTIVES',https://ilga.gov/Legislation/BillStatus?DocNum=3489&GAID=18&DocTypeID=HB&LegId=162152&SessionID=114
HB3489,synopsis (abstracts),ours_missing,"Amends the Pharmacy Practice Act. Provides that ""practice of pharmacy"" includes the assessment and consultation of patie",https://ilga.gov/Legislation/BillStatus?DocNum=3489&GAID=18&DocTypeID=HB&LegId=162152&SessionID=114
HB3489,statutes (citations),ours_missing,225 ILCS 85/3; 225 ILCS 85/43; 305 ILCS 5/5-5.12d,https://ilga.gov/Legislation/BillStatus?DocNum=3489&GAID=18&DocTypeID=HB&LegId=162152&SessionID=114
HB3489,sponsors,match,17 names,https://ilga.gov/Legislation/BillStatus?DocNum=3489&GAID=18&DocTypeID=HB&LegId=162152&SessionID=114
HB3489,chief sponsor,match,"ilga.gov chiefs: {'house': 'Michelle Mussman', 'senate': 'Rachel Ventura'}",https://ilga.gov/Legislation/BillStatus?DocNum=3489&GAID=18&DocTypeID=HB&LegId=162152&SessionID=114
HB3489,action count,match,ours 43 vs ilga.gov 43,https://ilga.gov/Legislation/BillStatus?DocNum=3489&GAID=18&DocTypeID=HB&LegId=162152&SessionID=114
HB3489,latest action,match,ours 2025-08-15 'Public Act . . . . . . . . . 104-0312' vs ilga.gov 2025-08-15 'Public Act . . . . . . . . . 104-0312',https://ilga.gov/Legislation/BillStatus?DocNum=3489&GAID=18&DocTypeID=HB&LegId=162152&SessionID=114
HB3489,public act number,match,104-0312,https://ilga.gov/Legislation/BillStatus?DocNum=3489&GAID=18&DocTypeID=HB&LegId=162152&SessionID=114
HB4156,title,match,'TREASURER-COLLEGE SAVINGS POOL' vs 'TREASURER-COLLEGE SAVINGS POOL',https://ilga.gov/Legislation/BillStatus?DocNum=4156&GAID=18&DocTypeID=HB&LegId=164310&SessionID=114
HB4156,synopsis (abstracts),ours_missing,"Amends the State Treasurer Act. In provisions concerning the College Savings Pool, provides that trade schools and eleme",https://ilga.gov/Legislation/BillStatus?DocNum=4156&GAID=18&DocTypeID=HB&LegId=164310&SessionID=114
HB4156,statutes (citations),ours_missing,15 ILCS 505/16.5,https://ilga.gov/Legislation/BillStatus?DocNum=4156&GAID=18&DocTypeID=HB&LegId=164310&SessionID=114
HB4156,sponsors,match,1 names,https://ilga.gov/Legislation/BillStatus?DocNum=4156&GAID=18&DocTypeID=HB&LegId=164310&SessionID=114
HB4156,chief sponsor,match,ilga.gov chiefs: {'house': 'Travis Weaver'},https://ilga.gov/Legislation/BillStatus?DocNum=4156&GAID=18&DocTypeID=HB&LegId=164310&SessionID=114
HB4156,action count,match,ours 3 vs ilga.gov 3,https://ilga.gov/Legislation/BillStatus?DocNum=4156&GAID=18&DocTypeID=HB&LegId=164310&SessionID=114
HB4156,latest action,match,ours 2025-10-15 'Referred to Rules Committee' vs ilga.gov 2025-10-15 'Referred to Rules Committee',https://ilga.gov/Legislation/BillStatus?DocNum=4156&GAID=18&DocTypeID=HB&LegId=164310&SessionID=114
HB4227,title,match,'FIREARMS-JUDGES & STATE ATTYS' vs 'FIREARMS-JUDGES & STATE ATTYS',https://ilga.gov/Legislation/BillStatus?DocNum=4227&GAID=18&DocTypeID=HB&LegId=164681&SessionID=114
HB4227,synopsis (abstracts),ours_missing,Amends the Firearm Concealed Carry Act. Allows licensees who are specified judicial officers and attorneys to carry a co,https://ilga.gov/Legislation/BillStatus?DocNum=4227&GAID=18&DocTypeID=HB&LegId=164681&SessionID=114
HB4227,statutes (citations),ours_missing,430 ILCS 66/65; 720 ILCS 5/21-6,https://ilga.gov/Legislation/BillStatus?DocNum=4227&GAID=18&DocTypeID=HB&LegId=164681&SessionID=114
HB4227,sponsors,match,1 names,https://ilga.gov/Legislation/BillStatus?DocNum=4227&GAID=18&DocTypeID=HB&LegId=164681&SessionID=114
HB4227,chief sponsor,match,ilga.gov chiefs: {'house': 'Charles Meier'},https://ilga.gov/Legislation/BillStatus?DocNum=4227&GAID=18&DocTypeID=HB&LegId=164681&SessionID=114
HB4227,action count,match,ours 3 vs ilga.gov 3,https://ilga.gov/Legislation/BillStatus?DocNum=4227&GAID=18&DocTypeID=HB&LegId=164681&SessionID=114
HB4227,latest action,match,ours 2026-01-14 'Referred to Rules Committee' vs ilga.gov 2026-01-14 'Referred to Rules Committee',https://ilga.gov/Legislation/BillStatus?DocNum=4227&GAID=18&DocTypeID=HB&LegId=164681&SessionID=114
HB4269,title,match,'TOWNSHIPS DISSOLUTIONS' vs 'TOWNSHIPS DISSOLUTIONS',https://ilga.gov/Legislation/BillStatus?DocNum=4269&GAID=18&DocTypeID=HB&LegId=164760&SessionID=114
HB4269,synopsis (abstracts),ours_missing,Amends the Township Code. Repeals provisions concerning the dissolution of townships in McHenry County. Makes conforming,https://ilga.gov/Legislation/BillStatus?DocNum=4269&GAID=18&DocTypeID=HB&LegId=164760&SessionID=114
HB4269,statutes (citations),ours_missing,10 ILCS 5/28-7; 35 ILCS 505/8; 55 ILCS 5/5-1185 rep.,https://ilga.gov/Legislation/BillStatus?DocNum=4269&GAID=18&DocTypeID=HB&LegId=164760&SessionID=114
HB4269,sponsors,match,1 names,https://ilga.gov/Legislation/BillStatus?DocNum=4269&GAID=18&DocTypeID=HB&LegId=164760&SessionID=114
HB4269,chief sponsor,match,ilga.gov chiefs: {'house': 'Daniel Didech'},https://ilga.gov/Legislation/BillStatus?DocNum=4269&GAID=18&DocTypeID=HB&LegId=164760&SessionID=114
HB4269,action count,match,ours 3 vs ilga.gov 3,https://ilga.gov/Legislation/BillStatus?DocNum=4269&GAID=18&DocTypeID=HB&LegId=164760&SessionID=114
HB4269,latest action,match,ours 2026-01-14 'Referred to Rules Committee' vs ilga.gov 2026-01-14 'Referred to Rules Committee',https://ilga.gov/Legislation/BillStatus?DocNum=4269&GAID=18&DocTypeID=HB&LegId=164760&SessionID=114
HB2891,title,match,'WATER COMMISSION-CONSTRUCTION' vs 'WATER COMMISSION-CONSTRUCTION',https://ilga.gov/Legislation/BillStatus?DocNum=2891&GAID=18&DocTypeID=HB&LegId=161088&SessionID=114
HB2891,synopsis (abstracts),ours_missing,"Amends the Water Commission Act of 1985. Provides that a commission may not receive more than $10,000 per year in compen",https://ilga.gov/Legislation/BillStatus?DocNum=2891&GAID=18&DocTypeID=HB&LegId=161088&SessionID=114
HB2891,statutes (citations),ours_missing,70 ILCS 3720/2; 65 ILCS 5/11-135-8,https://ilga.gov/Legislation/BillStatus?DocNum=2891&GAID=18&DocTypeID=HB&LegId=161088&SessionID=114
HB2891,sponsors,match,1 names,https://ilga.gov/Legislation/BillStatus?DocNum=2891&GAID=18&DocTypeID=HB&LegId=161088&SessionID=114
HB2891,chief sponsor,match,ilga.gov chiefs: {'house': 'Margaret A. DeLaRosa'},https://ilga.gov/Legislation/BillStatus?DocNum=2891&GAID=18&DocTypeID=HB&LegId=161088&SessionID=114
HB2891,action count,match,ours 17 vs ilga.gov 17,https://ilga.gov/Legislation/BillStatus?DocNum=2891&GAID=18&DocTypeID=HB&LegId=161088&SessionID=114
HB2891,latest action,match,ours 2026-02-05 'Chief Sponsor Changed to Rep. Margaret A. DeLaRosa' vs ilga.gov 2026-02-05 'Chief Sponsor Changed to Rep. Margaret A. DeLaRosa',https://ilga.gov/Legislation/BillStatus?DocNum=2891&GAID=18&DocTypeID=HB&LegId=161088&SessionID=114
HB4899,title,match,'CRIM PRO-DENY PRETRIAL RELEASE' vs 'CRIM PRO-DENY PRETRIAL RELEASE',https://ilga.gov/Legislation/BillStatus?DocNum=4899&GAID=18&DocTypeID=HB&LegId=166194&SessionID=114
HB4899,synopsis (abstracts),ours_missing,"Amends the Code of Criminal Procedure of 1963. Provides that upon verified petition by the State, the court shall hold a",https://ilga.gov/Legislation/BillStatus?DocNum=4899&GAID=18&DocTypeID=HB&LegId=166194&SessionID=114
HB4899,statutes (citations),ours_missing,725 ILCS 5/110-6.1,https://ilga.gov/Legislation/BillStatus?DocNum=4899&GAID=18&DocTypeID=HB&LegId=166194&SessionID=114
HB4899,sponsors,differs,only ours: ['dan ugaste']; only ilga.gov: ['daniel ugaste'],https://ilga.gov/Legislation/BillStatus?DocNum=4899&GAID=18&DocTypeID=HB&LegId=166194&SessionID=114
HB4899,chief sponsor,match,ilga.gov chiefs: {'house': 'John M. Cabello'},https://ilga.gov/Legislation/BillStatus?DocNum=4899&GAID=18&DocTypeID=HB&LegId=166194&SessionID=114
HB4899,action count,match,ours 8 vs ilga.gov 8,https://ilga.gov/Legislation/BillStatus?DocNum=4899&GAID=18&DocTypeID=HB&LegId=166194&SessionID=114
HB4899,latest action,match,ours 2026-02-10 'Added Co-Sponsor Rep. Tony M. McCombie' vs ilga.gov 2026-02-10 'Added Co-Sponsor Rep. Tony M. McCombie',https://ilga.gov/Legislation/BillStatus?DocNum=4899&GAID=18&DocTypeID=HB&LegId=166194&SessionID=114
HB5294,title,match,'$DHS-GRO COMMUNITY' vs '$DHS-GRO COMMUNITY',https://ilga.gov/Legislation/BillStatus?DocNum=5294&GAID=18&DocTypeID=HB&LegId=167021&SessionID=114
HB5294,synopsis (abstracts),ours_missing,"Appropriates $3,000,000 from the General Revenue Fund to the Department of Human Services for grants and administrative ",https://ilga.gov/Legislation/BillStatus?DocNum=5294&GAID=18&DocTypeID=HB&LegId=167021&SessionID=114
HB5294,statutes (citations),both_missing,,https://ilga.gov/Legislation/BillStatus?DocNum=5294&GAID=18&DocTypeID=HB&LegId=167021&SessionID=114
HB5294,sponsors,match,1 names,https://ilga.gov/Legislation/BillStatus?DocNum=5294&GAID=18&DocTypeID=HB&LegId=167021&SessionID=114
HB5294,chief sponsor,match,ilga.gov chiefs: {'house': 'Justin Slaughter'},https://ilga.gov/Legislation/BillStatus?DocNum=5294&GAID=18&DocTypeID=HB&LegId=167021&SessionID=114
HB5294,action count,match,ours 3 vs ilga.gov 3,https://ilga.gov/Legislation/BillStatus?DocNum=5294&GAID=18&DocTypeID=HB&LegId=167021&SessionID=114
HB5294,latest action,match,ours 2026-02-10 'Referred to Rules Committee' vs ilga.gov 2026-02-10 'Referred to Rules Committee',https://ilga.gov/Legislation/BillStatus?DocNum=5294&GAID=18&DocTypeID=HB&LegId=167021&SessionID=114
HB5421,title,match,'340B INTEGRITY ACT' vs '340B INTEGRITY ACT',https://ilga.gov/Legislation/BillStatus?DocNum=5421&GAID=18&DocTypeID=HB&LegId=167245&SessionID=114
HB5421,synopsis (abstracts),ours_missing,"Creates the 340B Integrity Act. Defines terms. Provides that, beginning January 1, 2027, 340B covered entities shall not",https://ilga.gov/Legislation/BillStatus?DocNum=5421&GAID=18&DocTypeID=HB&LegId=167245&SessionID=114
HB5421,statutes (citations),both_missing,,https://ilga.gov/Legislation/BillStatus?DocNum=5421&GAID=18&DocTypeID=HB&LegId=167245&SessionID=114
HB5421,sponsors,match,1 names,https://ilga.gov/Legislation/BillStatus?DocNum=5421&GAID=18&DocTypeID=HB&LegId=167245&SessionID=114
HB5421,chief sponsor,match,ilga.gov chiefs: {'house': 'Bob Morgan'},https://ilga.gov/Legislation/BillStatus?DocNum=5421&GAID=18&DocTypeID=HB&LegId=167245&SessionID=114
HB5421,action count,match,ours 3 vs ilga.gov 3,https://ilga.gov/Legislation/BillStatus?DocNum=5421&GAID=18&DocTypeID=HB&LegId=167245&SessionID=114
HB5421,latest action,match,ours 2026-02-13 'Referred to Rules Committee' vs ilga.gov 2026-02-13 'Referred to Rules Committee',https://ilga.gov/Legislation/BillStatus?DocNum=5421&GAID=18&DocTypeID=HB&LegId=167245&SessionID=114
HB5684,title,match,'$FY27 CSU OCE' vs '$FY27 CSU OCE',https://ilga.gov/Legislation/BillStatus?DocNum=5684&GAID=18&DocTypeID=HB&LegId=167801&SessionID=114
HB5684,synopsis (abstracts),ours_missing,Makes appropriations for the ordinary and contingent expenses of the Chicago State University for the fiscal year beginn,https://ilga.gov/Legislation/BillStatus?DocNum=5684&GAID=18&DocTypeID=HB&LegId=167801&SessionID=114
HB5684,statutes (citations),both_missing,,https://ilga.gov/Legislation/BillStatus?DocNum=5684&GAID=18&DocTypeID=HB&LegId=167801&SessionID=114
HB5684,sponsors,match,1 names,https://ilga.gov/Legislation/BillStatus?DocNum=5684&GAID=18&DocTypeID=HB&LegId=167801&SessionID=114
HB5684,chief sponsor,match,ilga.gov chiefs: {'house': 'Robyn Gabel'},https://ilga.gov/Legislation/BillStatus?DocNum=5684&GAID=18&DocTypeID=HB&LegId=167801&SessionID=114
HB5684,action count,match,ours 3 vs ilga.gov 3,https://ilga.gov/Legislation/BillStatus?DocNum=5684&GAID=18&DocTypeID=HB&LegId=167801&SessionID=114
HB5684,latest action,match,ours 2026-02-19 'Referred to Rules Committee' vs ilga.gov 2026-02-19 'Referred to Rules Committee',https://ilga.gov/Legislation/BillStatus?DocNum=5684&GAID=18&DocTypeID=HB&LegId=167801&SessionID=114
HB5722,title,match,'$FY27 ATTORNEY GENERAL' vs '$FY27 ATTORNEY GENERAL',https://ilga.gov/Legislation/BillStatus?DocNum=5722&GAID=18&DocTypeID=HB&LegId=168000&SessionID=114
HB5722,synopsis (abstracts),ours_missing,Makes appropriations from various funds to the Office of the Attorney General for its ordinary and contingent expenses a,https://ilga.gov/Legislation/BillStatus?DocNum=5722&GAID=18&DocTypeID=HB&LegId=168000&SessionID=114
HB5722,statutes (citations),both_missing,,https://ilga.gov/Legislation/BillStatus?DocNum=5722&GAID=18&DocTypeID=HB&LegId=168000&SessionID=114
HB5722,sponsors,match,1 names,https://ilga.gov/Legislation/BillStatus?DocNum=5722&GAID=18&DocTypeID=HB&LegId=168000&SessionID=114
HB5722,chief sponsor,match,ilga.gov chiefs: {'house': 'Robyn Gabel'},https://ilga.gov/Legislation/BillStatus?DocNum=5722&GAID=18&DocTypeID=HB&LegId=168000&SessionID=114
HB5722,action count,match,ours 3 vs ilga.gov 3,https://ilga.gov/Legislation/BillStatus?DocNum=5722&GAID=18&DocTypeID=HB&LegId=168000&SessionID=114
HB5722,latest action,match,ours 2026-02-26 'Referred to Rules Committee' vs ilga.gov 2026-02-26 'Referred to Rules Committee',https://ilga.gov/Legislation/BillStatus?DocNum=5722&GAID=18&DocTypeID=HB&LegId=168000&SessionID=114
HB1126,title,match,'CORR-DOC&DJJ EMPLOY-CONTRABAND' vs 'CORR-DOC&DJJ EMPLOY-CONTRABAND',https://ilga.gov/Legislation/BillStatus?DocNum=1126&GAID=18&DocTypeID=HB&LegId=156862&SessionID=114
HB1126,synopsis (abstracts),ours_missing,Amends the Unified Code of Corrections. Provides that the Department of Juvenile Justice and the Department of Correctio,https://ilga.gov/Legislation/BillStatus?DocNum=1126&GAID=18&DocTypeID=HB&LegId=156862&SessionID=114
HB1126,statutes (citations),both_missing,,https://ilga.gov/Legislation/BillStatus?DocNum=1126&GAID=18&DocTypeID=HB&LegId=156862&SessionID=114
HB1126,sponsors,match,1 names,https://ilga.gov/Legislation/BillStatus?DocNum=1126&GAID=18&DocTypeID=HB&LegId=156862&SessionID=114
HB1126,chief sponsor,match,ilga.gov chiefs: {'house': 'Charles Meier'},https://ilga.gov/Legislation/BillStatus?DocNum=1126&GAID=18&DocTypeID=HB&LegId=156862&SessionID=114
HB1126,action count,match,ours 13 vs ilga.gov 13,https://ilga.gov/Legislation/BillStatus?DocNum=1126&GAID=18&DocTypeID=HB&LegId=156862&SessionID=114
HB1126,latest action,match,ours 2026-03-27 'House Committee Amendment No. 1 Rule 19(c) / Re-referred to Rules Committee' vs ilga.gov 2026-03-27 'House Committee Amendment No. 1 Rule 19(c) / Re-referred to Rules Committee',https://ilga.gov/Legislation/BillStatus?DocNum=1126&GAID=18&DocTypeID=HB&LegId=156862&SessionID=114
HB1847,title,match,'GARDENS-SEED SAVING' vs 'GARDENS-SEED SAVING',https://ilga.gov/Legislation/BillStatus?DocNum=1847&GAID=18&DocTypeID=HB&LegId=159337&SessionID=114
HB1847,synopsis (abstracts),ours_missing,Amends the Garden Act. Provides that a person may save the seeds grown in a vegetable garden for personal consumption or,https://ilga.gov/Legislation/BillStatus?DocNum=1847&GAID=18&DocTypeID=HB&LegId=159337&SessionID=114
HB1847,statutes (citations),ours_missing,505 ILCS 87/15; 505 ILCS 87/25,https://ilga.gov/Legislation/BillStatus?DocNum=1847&GAID=18&DocTypeID=HB&LegId=159337&SessionID=114
HB1847,sponsors,match,1 names,https://ilga.gov/Legislation/BillStatus?DocNum=1847&GAID=18&DocTypeID=HB&LegId=159337&SessionID=114
HB1847,chief sponsor,match,ilga.gov chiefs: {'house': 'John M. Cabello'},https://ilga.gov/Legislation/BillStatus?DocNum=1847&GAID=18&DocTypeID=HB&LegId=159337&SessionID=114
HB1847,action count,match,ours 7 vs ilga.gov 7,https://ilga.gov/Legislation/BillStatus?DocNum=1847&GAID=18&DocTypeID=HB&LegId=159337&SessionID=114
HB1847,latest action,match,ours 2026-03-27 'Rule 19(a) / Re-referred to Rules Committee' vs ilga.gov 2026-03-27 'Rule 19(a) / Re-referred to Rules Committee',https://ilga.gov/Legislation/BillStatus?DocNum=1847&GAID=18&DocTypeID=HB&LegId=159337&SessionID=114
HB3146,title,match,'PROP TX-SURPLUS SALE' vs 'PROP TX-SURPLUS SALE',https://ilga.gov/Legislation/BillStatus?DocNum=3146&GAID=18&DocTypeID=HB&LegId=161547&SessionID=114
HB3146,synopsis (abstracts),ours_missing,"Amends the Property Tax Code. Provides that, when the county, as trustee, files one petition for more than one delinquen",https://ilga.gov/Legislation/BillStatus?DocNum=3146&GAID=18&DocTypeID=HB&LegId=161547&SessionID=114
HB3146,statutes (citations),ours_missing,35 ILCS 200/21-90; 35 ILCS 200/21-302 new; 35 ILCS 200/22-10,https://ilga.gov/Legislation/BillStatus?DocNum=3146&GAID=18&DocTypeID=HB&LegId=161547&SessionID=114
HB3146,sponsors,match,6 names,https://ilga.gov/Legislation/BillStatus?DocNum=3146&GAID=18&DocTypeID=HB&LegId=161547&SessionID=114
HB3146,chief sponsor,match,ilga.gov chiefs: {'house': 'Will Guzzardi'},https://ilga.gov/Legislation/BillStatus?DocNum=3146&GAID=18&DocTypeID=HB&LegId=161547&SessionID=114
HB3146,action count,match,ours 16 vs ilga.gov 16,https://ilga.gov/Legislation/BillStatus?DocNum=3146&GAID=18&DocTypeID=HB&LegId=161547&SessionID=114
HB3146,latest action,match,ours 2026-03-27 'Rule 19(a) / Re-referred to Rules Committee' vs ilga.gov 2026-03-27 'Rule 19(a) / Re-referred to Rules Committee',https://ilga.gov/Legislation/BillStatus?DocNum=3146&GAID=18&DocTypeID=HB&LegId=161547&SessionID=114
HB4043,title,match,'COMMUNITY SERVICE-CREDIT' vs 'COMMUNITY SERVICE-CREDIT',https://ilga.gov/Legislation/BillStatus?DocNum=4043&GAID=18&DocTypeID=HB&LegId=163549&SessionID=114
HB4043,synopsis (abstracts),ours_missing,Amends the Probation Community Service Act. Provides that the court may give credit toward the fulfillment of community ,https://ilga.gov/Legislation/BillStatus?DocNum=4043&GAID=18&DocTypeID=HB&LegId=163549&SessionID=114
HB4043,statutes (citations),ours_missing,730 ILCS 115/1,https://ilga.gov/Legislation/BillStatus?DocNum=4043&GAID=18&DocTypeID=HB&LegId=163549&SessionID=114
HB4043,sponsors,match,1 names,https://ilga.gov/Legislation/BillStatus?DocNum=4043&GAID=18&DocTypeID=HB&LegId=163549&SessionID=114
HB4043,chief sponsor,match,ilga.gov chiefs: {'house': 'Jeff Keicher'},https://ilga.gov/Legislation/BillStatus?DocNum=4043&GAID=18&DocTypeID=HB&LegId=163549&SessionID=114
HB4043,action count,match,ours 5 vs ilga.gov 5,https://ilga.gov/Legislation/BillStatus?DocNum=4043&GAID=18&DocTypeID=HB&LegId=163549&SessionID=114
HB4043,latest action,match,ours 2026-03-27 'Rule 19(a) / Re-referred to Rules Committee' vs ilga.gov 2026-03-27 'Rule 19(a) / Re-referred to Rules Committee',https://ilga.gov/Legislation/BillStatus?DocNum=4043&GAID=18&DocTypeID=HB&LegId=163549&SessionID=114
HB4208,title,match,'DHS-LIVE-IN CAREGIVER' vs 'DHS-LIVE-IN CAREGIVER',https://ilga.gov/Legislation/BillStatus?DocNum=4208&GAID=18&DocTypeID=HB&LegId=164588&SessionID=114
HB4208,synopsis (abstracts),ours_missing,"Amends the Illinois Public Aid Code. Provides that, subject to federal approval, any individual who is initially approve",https://ilga.gov/Legislation/BillStatus?DocNum=4208&GAID=18&DocTypeID=HB&LegId=164588&SessionID=114
HB4208,statutes (citations),ours_missing,305 ILCS 5/5-54 new,https://ilga.gov/Legislation/BillStatus?DocNum=4208&GAID=18&DocTypeID=HB&LegId=164588&SessionID=114
HB4208,sponsors,match,1 names,https://ilga.gov/Legislation/BillStatus?DocNum=4208&GAID=18&DocTypeID=HB&LegId=164588&SessionID=114
HB4208,chief sponsor,match,ilga.gov chiefs: {'house': 'Charles Meier'},https://ilga.gov/Legislation/BillStatus?DocNum=4208&GAID=18&DocTypeID=HB&LegId=164588&SessionID=114
HB4208,action count,match,ours 5 vs ilga.gov 5,https://ilga.gov/Legislation/BillStatus?DocNum=4208&GAID=18&DocTypeID=HB&LegId=164588&SessionID=114
HB4208,latest action,match,ours 2026-03-27 'Rule 19(a) / Re-referred to Rules Committee' vs ilga.gov 2026-03-27 'Rule 19(a) / Re-referred to Rules Committee',https://ilga.gov/Legislation/BillStatus?DocNum=4208&GAID=18&DocTypeID=HB&LegId=164588&SessionID=114
HB4407,title,match,'MUNI CD-TIF START DATE' vs 'MUNI CD-TIF START DATE',https://ilga.gov/Legislation/BillStatus?DocNum=4407&GAID=18&DocTypeID=HB&LegId=165052&SessionID=114
HB4407,synopsis (abstracts),ours_missing,"Amends the Tax Increment Allocation Redevelopment Act of the Illinois Municipal Code. Provides that, if an ordinance is ",https://ilga.gov/Legislation/BillStatus?DocNum=4407&GAID=18&DocTypeID=HB&LegId=165052&SessionID=114
HB4407,statutes (citations),ours_missing,65 ILCS 5/11-74.4-3.5,https://ilga.gov/Legislation/BillStatus?DocNum=4407&GAID=18&DocTypeID=HB&LegId=165052&SessionID=114
HB4407,sponsors,match,1 names,https://ilga.gov/Legislation/BillStatus?DocNum=4407&GAID=18&DocTypeID=HB&LegId=165052&SessionID=114
HB4407,chief sponsor,match,ilga.gov chiefs: {'house': 'Jackie Haas'},https://ilga.gov/Legislation/BillStatus?DocNum=4407&GAID=18&DocTypeID=HB&LegId=165052&SessionID=114
HB4407,action count,match,ours 6 vs ilga.gov 6,https://ilga.gov/Legislation/BillStatus?DocNum=4407&GAID=18&DocTypeID=HB&LegId=165052&SessionID=114
HB4407,latest action,match,ours 2026-03-27 'Rule 19(a) / Re-referred to Rules Committee' vs ilga.gov 2026-03-27 'Rule 19(a) / Re-referred to Rules Committee',https://ilga.gov/Legislation/BillStatus?DocNum=4407&GAID=18&DocTypeID=HB&LegId=165052&SessionID=114
HB4583,title,match,'CD CORR-SUBSTANCE USE DISORDER' vs 'CD CORR-SUBSTANCE USE DISORDER',https://ilga.gov/Legislation/BillStatus?DocNum=4583&GAID=18&DocTypeID=HB&LegId=165443&SessionID=114
HB4583,synopsis (abstracts),ours_missing,Amends the Unified Code of Corrections. Provides that the Department of Corrections shall ensure all persons under its c,https://ilga.gov/Legislation/BillStatus?DocNum=4583&GAID=18&DocTypeID=HB&LegId=165443&SessionID=114
HB4583,statutes (citations),both_missing,,https://ilga.gov/Legislation/BillStatus?DocNum=4583&GAID=18&DocTypeID=HB&LegId=165443&SessionID=114
HB4583,sponsors,match,1 names,https://ilga.gov/Legislation/BillStatus?DocNum=4583&GAID=18&DocTypeID=HB&LegId=165443&SessionID=114
HB4583,chief sponsor,match,ilga.gov chiefs: {'house': 'Will Guzzardi'},https://ilga.gov/Legislation/BillStatus?DocNum=4583&GAID=18&DocTypeID=HB&LegId=165443&SessionID=114
HB4583,action count,match,ours 5 vs ilga.gov 5,https://ilga.gov/Legislation/BillStatus?DocNum=4583&GAID=18&DocTypeID=HB&LegId=165443&SessionID=114
HB4583,latest action,match,ours 2026-03-27 'Rule 19(a) / Re-referred to Rules Committee' vs ilga.gov 2026-03-27 'Rule 19(a) / Re-referred to Rules Committee',https://ilga.gov/Legislation/BillStatus?DocNum=4583&GAID=18&DocTypeID=HB&LegId=165443&SessionID=114
HB4697,title,match,'SCH CD-ACTIVE TRANSPORT SAFETY' vs 'SCH CD-ACTIVE TRANSPORT SAFETY',https://ilga.gov/Legislation/BillStatus?DocNum=4697&GAID=18&DocTypeID=HB&LegId=165715&SessionID=114
HB4697,synopsis (abstracts),ours_missing,Amends the School Code. Requires each school district maintaining any elementary grades to provide its public school pup,https://ilga.gov/Legislation/BillStatus?DocNum=4697&GAID=18&DocTypeID=HB&LegId=165715&SessionID=114
HB4697,statutes (citations),both_missing,,https://ilga.gov/Legislation/BillStatus?DocNum=4697&GAID=18&DocTypeID=HB&LegId=165715&SessionID=114
HB4697,sponsors,match,2 names,https://ilga.gov/Legislation/BillStatus?DocNum=4697&GAID=18&DocTypeID=HB&LegId=165715&SessionID=114
HB4697,chief sponsor,match,ilga.gov chiefs: {'house': 'Janet Yang Rohr'},https://ilga.gov/Legislation/BillStatus?DocNum=4697&GAID=18&DocTypeID=HB&LegId=165715&SessionID=114
HB4697,action count,match,ours 11 vs ilga.gov 11,https://ilga.gov/Legislation/BillStatus?DocNum=4697&GAID=18&DocTypeID=HB&LegId=165715&SessionID=114
HB4697,latest action,match,ours 2026-03-27 'House Committee Amendment No. 1 Rule 19(c) / Re-referred to Rules Committee' vs ilga.gov 2026-03-27 'House Committee Amendment No. 1 Rule 19(c) / Re-referred to Rules Committee',https://ilga.gov/Legislation/BillStatus?DocNum=4697&GAID=18&DocTypeID=HB&LegId=165715&SessionID=114
HB4936,title,match,'FIREFIGHTER-AGE RESTRICTION' vs 'FIREFIGHTER-AGE RESTRICTION',https://ilga.gov/Legislation/BillStatus?DocNum=4936&GAID=18&DocTypeID=HB&LegId=166284&SessionID=114
HB4936,synopsis (abstracts),ours_missing,Amends the Municipal Code and the Fire Protection District Act. Provides that no person under the age of 18 (rather than,https://ilga.gov/Legislation/BillStatus?DocNum=4936&GAID=18&DocTypeID=HB&LegId=166284&SessionID=114
HB4936,statutes (citations),ours_missing,65 ILCS 5/10-1-7; 65 ILCS 5/10-1-7.1; 65 ILCS 5/10-1-12,https://ilga.gov/Legislation/BillStatus?DocNum=4936&GAID=18&DocTypeID=HB&LegId=166284&SessionID=114
HB4936,sponsors,match,2 names,https://ilga.gov/Legislation/BillStatus?DocNum=4936&GAID=18&DocTypeID=HB&LegId=166284&SessionID=114
HB4936,chief sponsor,match,ilga.gov chiefs: {'house': 'Amy Elik'},https://ilga.gov/Legislation/BillStatus?DocNum=4936&GAID=18&DocTypeID=HB&LegId=166284&SessionID=114
HB4936,action count,match,ours 4 vs ilga.gov 4,https://ilga.gov/Legislation/BillStatus?DocNum=4936&GAID=18&DocTypeID=HB&LegId=166284&SessionID=114
HB4936,latest action,match,"ours 2026-03-27 'Added Co-Sponsor Rep. Michael J. Coffey, Jr.' vs ilga.gov 2026-03-27 'Added Co-Sponsor Rep. Michael J. Coffey, Jr.'",https://ilga.gov/Legislation/BillStatus?DocNum=4936&GAID=18&DocTypeID=HB&LegId=166284&SessionID=114
HB5041,title,match,'CONVEY TAMMS CORRECTIONAL CTR' vs 'CONVEY TAMMS CORRECTIONAL CTR',https://ilga.gov/Legislation/BillStatus?DocNum=5041&GAID=18&DocTypeID=HB&LegId=166525&SessionID=114
HB5041,synopsis (abstracts),ours_missing,Authorizes the Director of Corrections to convey the real property and buildings of the former Tamms Correctional Center,https://ilga.gov/Legislation/BillStatus?DocNum=5041&GAID=18&DocTypeID=HB&LegId=166525&SessionID=114
HB5041,statutes (citations),both_missing,,https://ilga.gov/Legislation/BillStatus?DocNum=5041&GAID=18&DocTypeID=HB&LegId=166525&SessionID=114
HB5041,sponsors,match,1 names,https://ilga.gov/Legislation/BillStatus?DocNum=5041&GAID=18&DocTypeID=HB&LegId=166525&SessionID=114
HB5041,chief sponsor,match,"ilga.gov chiefs: {'house': 'Marcus C. Evans, Jr.'}",https://ilga.gov/Legislation/BillStatus?DocNum=5041&GAID=18&DocTypeID=HB&LegId=166525&SessionID=114
HB5041,action count,match,ours 5 vs ilga.gov 5,https://ilga.gov/Legislation/BillStatus?DocNum=5041&GAID=18&DocTypeID=HB&LegId=166525&SessionID=114
HB5041,latest action,match,ours 2026-03-27 'Rule 19(a) / Re-referred to Rules Committee' vs ilga.gov 2026-03-27 'Rule 19(a) / Re-referred to Rules Committee',https://ilga.gov/Legislation/BillStatus?DocNum=5041&GAID=18&DocTypeID=HB&LegId=166525&SessionID=114
HB5210,title,match,'CMS-MEDICARE AUDIT' vs 'CMS-MEDICARE AUDIT',https://ilga.gov/Legislation/BillStatus?DocNum=5210&GAID=18&DocTypeID=HB&LegId=166869&SessionID=114
HB5210,synopsis (abstracts),ours_missing,Amends the Department of Central Management Services Law of the Civil Administrative Code of Illinois. Creates the Disab,https://ilga.gov/Legislation/BillStatus?DocNum=5210&GAID=18&DocTypeID=HB&LegId=166869&SessionID=114
HB5210,statutes (citations),both_missing,,https://ilga.gov/Legislation/BillStatus?DocNum=5210&GAID=18&DocTypeID=HB&LegId=166869&SessionID=114
HB5210,sponsors,match,2 names,https://ilga.gov/Legislation/BillStatus?DocNum=5210&GAID=18&DocTypeID=HB&LegId=166869&SessionID=114
HB5210,chief sponsor,match,"ilga.gov chiefs: {'house': 'Lawrence ""Larry"" Walsh, Jr.'}",https://ilga.gov/Legislation/BillStatus?DocNum=5210&GAID=18&DocTypeID=HB&LegId=166869&SessionID=114
HB5210,action count,match,ours 6 vs ilga.gov 6,https://ilga.gov/Legislation/BillStatus?DocNum=5210&GAID=18&DocTypeID=HB&LegId=166869&SessionID=114
HB5210,latest action,match,ours 2026-03-27 'Rule 19(a) / Re-referred to Rules Committee' vs ilga.gov 2026-03-27 'Rule 19(a) / Re-referred to Rules Committee',https://ilga.gov/Legislation/BillStatus?DocNum=5210&GAID=18&DocTypeID=HB&LegId=166869&SessionID=114
HB5483,title,match,'PROCUREMENT-FIREARMS' vs 'PROCUREMENT-FIREARMS',https://ilga.gov/Legislation/BillStatus?DocNum=5483&GAID=18&DocTypeID=HB&LegId=167416&SessionID=114
HB5483,synopsis (abstracts),ours_missing,Amends the Illinois Procurement Code. Requires bidders who submit a bid to a State agency for a contract to supply the S,https://ilga.gov/Legislation/BillStatus?DocNum=5483&GAID=18&DocTypeID=HB&LegId=167416&SessionID=114
HB5483,statutes (citations),both_missing,,https://ilga.gov/Legislation/BillStatus?DocNum=5483&GAID=18&DocTypeID=HB&LegId=167416&SessionID=114
HB5483,sponsors,match,1 names,https://ilga.gov/Legislation/BillStatus?DocNum=5483&GAID=18&DocTypeID=HB&LegId=167416&SessionID=114
HB5483,chief sponsor,match,ilga.gov chiefs: {'house': 'Bob Morgan'},https://ilga.gov/Legislation/BillStatus?DocNum=5483&GAID=18&DocTypeID=HB&LegId=167416&SessionID=114
HB5483,action count,match,ours 5 vs ilga.gov 5,https://ilga.gov/Legislation/BillStatus?DocNum=5483&GAID=18&DocTypeID=HB&LegId=167416&SessionID=114
HB5483,latest action,match,ours 2026-03-27 'Rule 19(a) / Re-referred to Rules Committee' vs ilga.gov 2026-03-27 'Rule 19(a) / Re-referred to Rules Committee',https://ilga.gov/Legislation/BillStatus?DocNum=5483&GAID=18&DocTypeID=HB&LegId=167416&SessionID=114
HB5584,title,match,"""LOC GOV OFFICER'S SALARY"" vs ""LOC GOV OFFICER'S SALARY""",https://ilga.gov/Legislation/BillStatus?DocNum=5584&GAID=18&DocTypeID=HB&LegId=167629&SessionID=114
HB5584,synopsis (abstracts),ours_missing,"Amends the Property Tax Code. Provides that, elected and appointed supervisors of assessments who began a term of office",https://ilga.gov/Legislation/BillStatus?DocNum=5584&GAID=18&DocTypeID=HB&LegId=167629&SessionID=114
HB5584,statutes (citations),ours_missing,35 ILCS 200/3-40; 55 ILCS 5/4-6001; 55 ILCS 5/4-6002,https://ilga.gov/Legislation/BillStatus?DocNum=5584&GAID=18&DocTypeID=HB&LegId=167629&SessionID=114
HB5584,sponsors,match,1 names,https://ilga.gov/Legislation/BillStatus?DocNum=5584&GAID=18&DocTypeID=HB&LegId=167629&SessionID=114
HB5584,chief sponsor,match,"ilga.gov chiefs: {'house': 'Maurice A. West, II'}",https://ilga.gov/Legislation/BillStatus?DocNum=5584&GAID=18&DocTypeID=HB&LegId=167629&SessionID=114
HB5584,action count,match,ours 5 vs ilga.gov 5,https://ilga.gov/Legislation/BillStatus?DocNum=5584&GAID=18&DocTypeID=HB&LegId=167629&SessionID=114
HB5584,latest action,match,ours 2026-03-27 'Rule 19(a) / Re-referred to Rules Committee' vs ilga.gov 2026-03-27 'Rule 19(a) / Re-referred to Rules Committee',https://ilga.gov/Legislation/BillStatus?DocNum=5584&GAID=18&DocTypeID=HB&LegId=167629&SessionID=114
HB3687,title,match,'LANDLORD/TENANT-VARIOUS' vs 'LANDLORD/TENANT-VARIOUS',https://ilga.gov/Legislation/BillStatus?DocNum=3687&GAID=18&DocTypeID=HB&LegId=162494&SessionID=114
HB3687,synopsis (abstracts),ours_missing,Creates the Let the People Lift the Ban Act. Includes legislative findings and purpose. Defines terms. Excludes specifie,https://ilga.gov/Legislation/BillStatus?DocNum=3687&GAID=18&DocTypeID=HB&LegId=162494&SessionID=114
HB3687,statutes (citations),ours_missing,50 ILCS 825/5; 50 ILCS 825/10; 765 ILCS 745/18,https://ilga.gov/Legislation/BillStatus?DocNum=3687&GAID=18&DocTypeID=HB&LegId=162494&SessionID=114
HB3687,sponsors,match,11 names,https://ilga.gov/Legislation/BillStatus?DocNum=3687&GAID=18&DocTypeID=HB&LegId=162494&SessionID=114
HB3687,chief sponsor,match,ilga.gov chiefs: {'house': 'Lilian Jiménez'},https://ilga.gov/Legislation/BillStatus?DocNum=3687&GAID=18&DocTypeID=HB&LegId=162494&SessionID=114
HB3687,action count,match,ours 15 vs ilga.gov 15,https://ilga.gov/Legislation/BillStatus?DocNum=3687&GAID=18&DocTypeID=HB&LegId=162494&SessionID=114
HB3687,latest action,match,ours 2026-04-09 'Removed Co-Sponsor Rep. Sonya M. Harper' vs ilga.gov 2026-04-09 'Removed Co-Sponsor Rep. Sonya M. Harper',https://ilga.gov/Legislation/BillStatus?DocNum=3687&GAID=18&DocTypeID=HB&LegId=162494&SessionID=114
HB1175,title,match,'EPA-GREAT LAKES CCR PROTECTION' vs 'EPA-GREAT LAKES CCR PROTECTION',https://ilga.gov/Legislation/BillStatus?DocNum=1175&GAID=18&DocTypeID=HB&LegId=156937&SessionID=114
HB1175,synopsis (abstracts),ours_missing,Amends the Environmental Protection Act. Provides that owners and operators of CCR surface impoundments at electric gene,https://ilga.gov/Legislation/BillStatus?DocNum=1175&GAID=18&DocTypeID=HB&LegId=156937&SessionID=114
HB1175,statutes (citations),ours_missing,415 ILCS 5/22.59,https://ilga.gov/Legislation/BillStatus?DocNum=1175&GAID=18&DocTypeID=HB&LegId=156937&SessionID=114
HB1175,sponsors,match,11 names,https://ilga.gov/Legislation/BillStatus?DocNum=1175&GAID=18&DocTypeID=HB&LegId=156937&SessionID=114
HB1175,chief sponsor,match,ilga.gov chiefs: {'house': 'Rita Mayfield'},https://ilga.gov/Legislation/BillStatus?DocNum=1175&GAID=18&DocTypeID=HB&LegId=156937&SessionID=114
HB1175,action count,match,ours 26 vs ilga.gov 26,https://ilga.gov/Legislation/BillStatus?DocNum=1175&GAID=18&DocTypeID=HB&LegId=156937&SessionID=114
HB1175,latest action,match,ours 2026-04-17 'Rule 19(a) / Re-referred to Rules Committee' vs ilga.gov 2026-04-17 'Rule 19(a) / Re-referred to Rules Committee',https://ilga.gov/Legislation/BillStatus?DocNum=1175&GAID=18&DocTypeID=HB&LegId=156937&SessionID=114
HB2082,title,match,'STATE GOVERNMENT-TECH' vs 'STATE GOVERNMENT-TECH',https://ilga.gov/Legislation/BillStatus?DocNum=2082&GAID=18&DocTypeID=HB&LegId=159730&SessionID=114
HB2082,synopsis (abstracts),ours_missing,Amends the Illinois Housing Development Act. Makes a technical change in a Section concerning the short title.,https://ilga.gov/Legislation/BillStatus?DocNum=2082&GAID=18&DocTypeID=HB&LegId=159730&SessionID=114
HB2082,statutes (citations),ours_missing,20 ILCS 3805/1,https://ilga.gov/Legislation/BillStatus?DocNum=2082&GAID=18&DocTypeID=HB&LegId=159730&SessionID=114
HB2082,sponsors,match,1 names,https://ilga.gov/Legislation/BillStatus?DocNum=2082&GAID=18&DocTypeID=HB&LegId=159730&SessionID=114
HB2082,chief sponsor,match,ilga.gov chiefs: {'house': 'Tony M. McCombie'},https://ilga.gov/Legislation/BillStatus?DocNum=2082&GAID=18&DocTypeID=HB&LegId=159730&SessionID=114
HB2082,action count,match,ours 13 vs ilga.gov 13,https://ilga.gov/Legislation/BillStatus?DocNum=2082&GAID=18&DocTypeID=HB&LegId=159730&SessionID=114
HB2082,latest action,match,ours 2026-04-17 'Rule 19(a) / Re-referred to Rules Committee' vs ilga.gov 2026-04-17 'Rule 19(a) / Re-referred to Rules Committee',https://ilga.gov/Legislation/BillStatus?DocNum=2082&GAID=18&DocTypeID=HB&LegId=159730&SessionID=114
HB2195,title,match,'REGULATION-TECH' vs 'REGULATION-TECH',https://ilga.gov/Legislation/BillStatus?DocNum=2195&GAID=18&DocTypeID=HB&LegId=159843&SessionID=114
HB2195,synopsis (abstracts),ours_missing,Amends the Health Care Worker Background Check Act. Makes a technical change in a Section concerning the short title.,https://ilga.gov/Legislation/BillStatus?DocNum=2195&GAID=18&DocTypeID=HB&LegId=159843&SessionID=114
HB2195,statutes (citations),ours_missing,225 ILCS 46/1,https://ilga.gov/Legislation/BillStatus?DocNum=2195&GAID=18&DocTypeID=HB&LegId=159843&SessionID=114
HB2195,sponsors,match,1 names,https://ilga.gov/Legislation/BillStatus?DocNum=2195&GAID=18&DocTypeID=HB&LegId=159843&SessionID=114
HB2195,chief sponsor,match,ilga.gov chiefs: {'house': 'Tony M. McCombie'},https://ilga.gov/Legislation/BillStatus?DocNum=2195&GAID=18&DocTypeID=HB&LegId=159843&SessionID=114
HB2195,action count,match,ours 13 vs ilga.gov 13,https://ilga.gov/Legislation/BillStatus?DocNum=2195&GAID=18&DocTypeID=HB&LegId=159843&SessionID=114
HB2195,latest action,match,ours 2026-04-17 'Rule 19(a) / Re-referred to Rules Committee' vs ilga.gov 2026-04-17 'Rule 19(a) / Re-referred to Rules Committee',https://ilga.gov/Legislation/BillStatus?DocNum=2195&GAID=18&DocTypeID=HB&LegId=159843&SessionID=114
HB2256,title,match,'TRANSPORTATION-TECH' vs 'TRANSPORTATION-TECH',https://ilga.gov/Legislation/BillStatus?DocNum=2256&GAID=18&DocTypeID=HB&LegId=159904&SessionID=114
HB2256,synopsis (abstracts),ours_missing,Amends the Illinois Highway Code. Makes a technical change in a Section concerning the short title.,https://ilga.gov/Legislation/BillStatus?DocNum=2256&GAID=18&DocTypeID=HB&LegId=159904&SessionID=114
HB2256,statutes (citations),ours_missing,605 ILCS 5/1-101,https://ilga.gov/Legislation/BillStatus?DocNum=2256&GAID=18&DocTypeID=HB&LegId=159904&SessionID=114
HB2256,sponsors,match,1 names,https://ilga.gov/Legislation/BillStatus?DocNum=2256&GAID=18&DocTypeID=HB&LegId=159904&SessionID=114
HB2256,chief sponsor,match,ilga.gov chiefs: {'house': 'Tony M. McCombie'},https://ilga.gov/Legislation/BillStatus?DocNum=2256&GAID=18&DocTypeID=HB&LegId=159904&SessionID=114
HB2256,action count,match,ours 13 vs ilga.gov 13,https://ilga.gov/Legislation/BillStatus?DocNum=2256&GAID=18&DocTypeID=HB&LegId=159904&SessionID=114
HB2256,latest action,match,ours 2026-04-17 'Rule 19(a) / Re-referred to Rules Committee' vs ilga.gov 2026-04-17 'Rule 19(a) / Re-referred to Rules Committee',https://ilga.gov/Legislation/BillStatus?DocNum=2256&GAID=18&DocTypeID=HB&LegId=159904&SessionID=114
HB2315,title,match,'CIVIL LAW-TECH' vs 'CIVIL LAW-TECH',https://ilga.gov/Legislation/BillStatus?DocNum=2315&GAID=18&DocTypeID=HB&LegId=159963&SessionID=114
HB2315,synopsis (abstracts),ours_missing,Amends the Child Support Payment Act. Makes a technical change in a Section concerning the short title.,https://ilga.gov/Legislation/BillStatus?DocNum=2315&GAID=18&DocTypeID=HB&LegId=159963&SessionID=114
HB2315,statutes (citations),ours_missing,750 ILCS 27/1,https://ilga.gov/Legislation/BillStatus?DocNum=2315&GAID=18&DocTypeID=HB&LegId=159963&SessionID=114
HB2315,sponsors,match,1 names,https://ilga.gov/Legislation/BillStatus?DocNum=2315&GAID=18&DocTypeID=HB&LegId=159963&SessionID=114
HB2315,chief sponsor,match,ilga.gov chiefs: {'house': 'Tony M. McCombie'},https://ilga.gov/Legislation/BillStatus?DocNum=2315&GAID=18&DocTypeID=HB&LegId=159963&SessionID=114
HB2315,action count,match,ours 13 vs ilga.gov 13,https://ilga.gov/Legislation/BillStatus?DocNum=2315&GAID=18&DocTypeID=HB&LegId=159963&SessionID=114
HB2315,latest action,match,ours 2026-04-17 'Rule 19(a) / Re-referred to Rules Committee' vs ilga.gov 2026-04-17 'Rule 19(a) / Re-referred to Rules Committee',https://ilga.gov/Legislation/BillStatus?DocNum=2315&GAID=18&DocTypeID=HB&LegId=159963&SessionID=114
HB4196,title,match,'LOC GOV-CREDIT CARD STATEMENTS' vs 'LOC GOV-CREDIT CARD STATEMENTS',https://ilga.gov/Legislation/BillStatus?DocNum=4196&GAID=18&DocTypeID=HB&LegId=164552&SessionID=114
HB4196,synopsis (abstracts),ours_missing,"Amends the Township Code, the Park District Code, the Illinois Municipal Code, the School Code, and the Public Community",https://ilga.gov/Legislation/BillStatus?DocNum=4196&GAID=18&DocTypeID=HB&LegId=164552&SessionID=114
HB4196,statutes (citations),both_missing,,https://ilga.gov/Legislation/BillStatus?DocNum=4196&GAID=18&DocTypeID=HB&LegId=164552&SessionID=114
HB4196,sponsors,match,7 names,https://ilga.gov/Legislation/BillStatus?DocNum=4196&GAID=18&DocTypeID=HB&LegId=164552&SessionID=114
HB4196,chief sponsor,match,ilga.gov chiefs: {'house': 'Anthony DeLuca'},https://ilga.gov/Legislation/BillStatus?DocNum=4196&GAID=18&DocTypeID=HB&LegId=164552&SessionID=114
HB4196,action count,match,ours 23 vs ilga.gov 23,https://ilga.gov/Legislation/BillStatus?DocNum=4196&GAID=18&DocTypeID=HB&LegId=164552&SessionID=114
HB4196,latest action,match,ours 2026-04-17 'Rule 19(a) / Re-referred to Rules Committee' vs ilga.gov 2026-04-17 'Rule 19(a) / Re-referred to Rules Committee',https://ilga.gov/Legislation/BillStatus?DocNum=4196&GAID=18&DocTypeID=HB&LegId=164552&SessionID=114
HB5027,title,match,'DHS-BEHAVIORAL HEALTH' vs 'DHS-BEHAVIORAL HEALTH',https://ilga.gov/Legislation/BillStatus?DocNum=5027&GAID=18&DocTypeID=HB&LegId=166471&SessionID=114
HB5027,synopsis (abstracts),ours_missing,Removes references to the Department of Human Services' Division of Mental Health and Division of Substance Use Preventi,https://ilga.gov/Legislation/BillStatus?DocNum=5027&GAID=18&DocTypeID=HB&LegId=166471&SessionID=114
HB5027,statutes (citations),ours_missing,5 ILCS 140/7; 15 ILCS 60/5; 15 ILCS 60/15,https://ilga.gov/Legislation/BillStatus?DocNum=5027&GAID=18&DocTypeID=HB&LegId=166471&SessionID=114
HB5027,sponsors,match,1 names,https://ilga.gov/Legislation/BillStatus?DocNum=5027&GAID=18&DocTypeID=HB&LegId=166471&SessionID=114
HB5027,chief sponsor,match,ilga.gov chiefs: {'house': 'Michael Crawford'},https://ilga.gov/Legislation/BillStatus?DocNum=5027&GAID=18&DocTypeID=HB&LegId=166471&SessionID=114
HB5027,action count,match,ours 9 vs ilga.gov 9,https://ilga.gov/Legislation/BillStatus?DocNum=5027&GAID=18&DocTypeID=HB&LegId=166471&SessionID=114
HB5027,latest action,match,ours 2026-04-17 'Rule 19(a) / Re-referred to Rules Committee' vs ilga.gov 2026-04-17 'Rule 19(a) / Re-referred to Rules Committee',https://ilga.gov/Legislation/BillStatus?DocNum=5027&GAID=18&DocTypeID=HB&LegId=166471&SessionID=114
HB3526,title,match,'MOBILE HOME RENT CAP' vs 'MOBILE HOME RENT CAP',https://ilga.gov/Legislation/BillStatus?DocNum=3526&GAID=18&DocTypeID=HB&LegId=162216&SessionID=114
HB3526,synopsis (abstracts),ours_missing,Amends the Mobile Home Landlord and Tenant Rights Act. Prohibits a park owner from increasing rent more than 3% per year,https://ilga.gov/Legislation/BillStatus?DocNum=3526&GAID=18&DocTypeID=HB&LegId=162216&SessionID=114
HB3526,statutes (citations),ours_missing,765 ILCS 745/9,https://ilga.gov/Legislation/BillStatus?DocNum=3526&GAID=18&DocTypeID=HB&LegId=162216&SessionID=114
HB3526,sponsors,match,25 names,https://ilga.gov/Legislation/BillStatus?DocNum=3526&GAID=18&DocTypeID=HB&LegId=162216&SessionID=114
HB3526,chief sponsor,match,ilga.gov chiefs: {'house': 'Abdelnasser Rashid'},https://ilga.gov/Legislation/BillStatus?DocNum=3526&GAID=18&DocTypeID=HB&LegId=162216&SessionID=114
HB3526,action count,match,ours 55 vs ilga.gov 55,https://ilga.gov/Legislation/BillStatus?DocNum=3526&GAID=18&DocTypeID=HB&LegId=162216&SessionID=114
HB3526,latest action,match,ours 2026-04-21 'Added Co-Sponsor Rep. Mary Beth Canty' vs ilga.gov 2026-04-21 'Added Co-Sponsor Rep. Mary Beth Canty',https://ilga.gov/Legislation/BillStatus?DocNum=3526&GAID=18&DocTypeID=HB&LegId=162216&SessionID=114
HB4781,title,match,'UTILITY-RECOVERABLE EXPENSES' vs 'UTILITY-RECOVERABLE EXPENSES',https://ilga.gov/Legislation/BillStatus?DocNum=4781&GAID=18&DocTypeID=HB&LegId=165930&SessionID=114
HB4781,synopsis (abstracts),ours_missing,"Amends the Public Utilities Act. In provisions concerning expenses that are recoverable by a public utility, provides th",https://ilga.gov/Legislation/BillStatus?DocNum=4781&GAID=18&DocTypeID=HB&LegId=165930&SessionID=114
HB4781,statutes (citations),ours_missing,220 ILCS 5/9-224; 220 ILCS 5/9-225; 220 ILCS 5/9-229,https://ilga.gov/Legislation/BillStatus?DocNum=4781&GAID=18&DocTypeID=HB&LegId=165930&SessionID=114
HB4781,sponsors,match,9 names,https://ilga.gov/Legislation/BillStatus?DocNum=4781&GAID=18&DocTypeID=HB&LegId=165930&SessionID=114
HB4781,chief sponsor,match,ilga.gov chiefs: {'house': 'Theresa Mah'},https://ilga.gov/Legislation/BillStatus?DocNum=4781&GAID=18&DocTypeID=HB&LegId=165930&SessionID=114
HB4781,action count,match,ours 13 vs ilga.gov 13,https://ilga.gov/Legislation/BillStatus?DocNum=4781&GAID=18&DocTypeID=HB&LegId=165930&SessionID=114
HB4781,latest action,match,ours 2026-04-23 'Added Co-Sponsor Rep. Lilian Jiménez' vs ilga.gov 2026-04-23 'Added Co-Sponsor Rep. Lilian Jiménez',https://ilga.gov/Legislation/BillStatus?DocNum=4781&GAID=18&DocTypeID=HB&LegId=165930&SessionID=114
HB4495,title,match,'MEDICAID-MENTAL HEALTH CRISIS' vs 'MEDICAID-MENTAL HEALTH CRISIS',https://ilga.gov/Legislation/BillStatus?DocNum=4495&GAID=18&DocTypeID=HB&LegId=165269&SessionID=114
HB4495,synopsis (abstracts),ours_missing,Provides that the amendatory Act may be referred to as the Strengthen Linkage to Follow-Up Care after a Behavioral Healt,https://ilga.gov/Legislation/BillStatus?DocNum=4495&GAID=18&DocTypeID=HB&LegId=165269&SessionID=114
HB4495,statutes (citations),both_missing,,https://ilga.gov/Legislation/BillStatus?DocNum=4495&GAID=18&DocTypeID=HB&LegId=165269&SessionID=114
HB4495,sponsors,match,9 names,https://ilga.gov/Legislation/BillStatus?DocNum=4495&GAID=18&DocTypeID=HB&LegId=165269&SessionID=114
HB4495,chief sponsor,match,ilga.gov chiefs: {'house': 'Lindsey LaPointe'},https://ilga.gov/Legislation/BillStatus?DocNum=4495&GAID=18&DocTypeID=HB&LegId=165269&SessionID=114
HB4495,action count,match,ours 13 vs ilga.gov 13,https://ilga.gov/Legislation/BillStatus?DocNum=4495&GAID=18&DocTypeID=HB&LegId=165269&SessionID=114
HB4495,latest action,match,ours 2026-05-14 'Added Co-Sponsor Rep. Debbie Meyers-Martin' vs ilga.gov 2026-05-14 'Added Co-Sponsor Rep. Debbie Meyers-Martin',https://ilga.gov/Legislation/BillStatus?DocNum=4495&GAID=18&DocTypeID=HB&LegId=165269&SessionID=114
HB4157,title,match,'SR CITIZEN INCOME ELIGIBILITY' vs 'SR CITIZEN INCOME ELIGIBILITY',https://ilga.gov/Legislation/BillStatus?DocNum=4157&GAID=18&DocTypeID=HB&LegId=164313&SessionID=114
HB4157,synopsis (abstracts),ours_missing,Amends the Senior Citizens and Persons with Disabilities Property Tax Relief Act. Changes the income eligibility levels ,https://ilga.gov/Legislation/BillStatus?DocNum=4157&GAID=18&DocTypeID=HB&LegId=164313&SessionID=114
HB4157,statutes (citations),ours_missing,320 ILCS 25/4,https://ilga.gov/Legislation/BillStatus?DocNum=4157&GAID=18&DocTypeID=HB&LegId=164313&SessionID=114
HB4157,sponsors,match,13 names,https://ilga.gov/Legislation/BillStatus?DocNum=4157&GAID=18&DocTypeID=HB&LegId=164313&SessionID=114
HB4157,chief sponsor,match,"ilga.gov chiefs: {'house': 'Rick Ryan', 'senate': 'Mattie Hunter'}",https://ilga.gov/Legislation/BillStatus?DocNum=4157&GAID=18&DocTypeID=HB&LegId=164313&SessionID=114
HB4157,action count,match,ours 42 vs ilga.gov 42,https://ilga.gov/Legislation/BillStatus?DocNum=4157&GAID=18&DocTypeID=HB&LegId=164313&SessionID=114
HB4157,latest action,match,ours 2026-05-22 'Rule 3-9(a) / Re-referred to Assignments' vs ilga.gov 2026-05-22 'Rule 3-9(a) / Re-referred to Assignments',https://ilga.gov/Legislation/BillStatus?DocNum=4157&GAID=18&DocTypeID=HB&LegId=164313&SessionID=114
HB2783,title,match,'CMS-MENSTRUAL PRODUCTS' vs 'CMS-MENSTRUAL PRODUCTS',https://ilga.gov/Legislation/BillStatus?DocNum=2783&GAID=18&DocTypeID=HB&LegId=160849&SessionID=114
HB2783,synopsis (abstracts),ours_missing,Amends the Department of Central Management Services Law of the Civil Administrative Code of Illinois. Provides that it ,https://ilga.gov/Legislation/BillStatus?DocNum=2783&GAID=18&DocTypeID=HB&LegId=160849&SessionID=114
HB2783,statutes (citations),ours_missing,20 ILCS 405/405-217 new,https://ilga.gov/Legislation/BillStatus?DocNum=2783&GAID=18&DocTypeID=HB&LegId=160849&SessionID=114
HB2783,sponsors,match,14 names,https://ilga.gov/Legislation/BillStatus?DocNum=2783&GAID=18&DocTypeID=HB&LegId=160849&SessionID=114
HB2783,chief sponsor,match,"ilga.gov chiefs: {'house': 'Barbara Hernandez', 'senate': 'Rachel Ventura'}",https://ilga.gov/Legislation/BillStatus?DocNum=2783&GAID=18&DocTypeID=HB&LegId=160849&SessionID=114
HB2783,action count,match,ours 57 vs ilga.gov 57,https://ilga.gov/Legislation/BillStatus?DocNum=2783&GAID=18&DocTypeID=HB&LegId=160849&SessionID=114
HB2783,latest action,differs,"ours 2026-06-01 'Placed on Calendar Order of Concurrence Senate Amendment(s) 1, 2' vs ilga.gov 2026-07-01 'Rule 19(b) / Re-referred to Rules Committee'",https://ilga.gov/Legislation/BillStatus?DocNum=2783&GAID=18&DocTypeID=HB&LegId=160849&SessionID=114
HB3595,title,match,'INS CD-PET INSURANCE' vs 'INS CD-PET INSURANCE',https://ilga.gov/Legislation/BillStatus?DocNum=3595&GAID=18&DocTypeID=HB&LegId=162296&SessionID=114
HB3595,synopsis (abstracts),ours_missing,Amends the Illinois Insurance Code. Creates the Pet Insurance Article of the Code. Defines terms. Requires a pet insurer,https://ilga.gov/Legislation/BillStatus?DocNum=3595&GAID=18&DocTypeID=HB&LegId=162296&SessionID=114
HB3595,statutes (citations),both_missing,,https://ilga.gov/Legislation/BillStatus?DocNum=3595&GAID=18&DocTypeID=HB&LegId=162296&SessionID=114
HB3595,sponsors,match,10 names,https://ilga.gov/Legislation/BillStatus?DocNum=3595&GAID=18&DocTypeID=HB&LegId=162296&SessionID=114
HB3595,chief sponsor,match,"ilga.gov chiefs: {'house': 'Joyce Mason', 'senate': 'Julie A. Morrison'}",https://ilga.gov/Legislation/BillStatus?DocNum=3595&GAID=18&DocTypeID=HB&LegId=162296&SessionID=114
HB3595,action count,match,ours 79 vs ilga.gov 79,https://ilga.gov/Legislation/BillStatus?DocNum=3595&GAID=18&DocTypeID=HB&LegId=162296&SessionID=114
HB3595,latest action,match,ours 2026-06-26 'Public Act . . . . . . . . . 104-0480' vs ilga.gov 2026-06-26 'Public Act . . . . . . . . . 104-0480',https://ilga.gov/Legislation/BillStatus?DocNum=3595&GAID=18&DocTypeID=HB&LegId=162296&SessionID=114
HB3595,public act number,match,104-0480,https://ilga.gov/Legislation/BillStatus?DocNum=3595&GAID=18&DocTypeID=HB&LegId=162296&SessionID=114
HB4834,title,match,'CONTROLLED SUB-TESTOSTERONE' vs 'CONTROLLED SUB-TESTOSTERONE',https://ilga.gov/Legislation/BillStatus?DocNum=4834&GAID=18&DocTypeID=HB&LegId=166080&SessionID=114
HB4834,synopsis (abstracts),ours_missing,Amends the Illinois Controlled Substances Act. Provides that the Prescription Monitoring Program does not apply to testo,https://ilga.gov/Legislation/BillStatus?DocNum=4834&GAID=18&DocTypeID=HB&LegId=166080&SessionID=114
HB4834,statutes (citations),ours_missing,720 ILCS 570/316; 720 ILCS 570/316.2 new,https://ilga.gov/Legislation/BillStatus?DocNum=4834&GAID=18&DocTypeID=HB&LegId=166080&SessionID=114
HB4834,sponsors,match,34 names,https://ilga.gov/Legislation/BillStatus?DocNum=4834&GAID=18&DocTypeID=HB&LegId=166080&SessionID=114
HB4834,chief sponsor,match,"ilga.gov chiefs: {'house': 'Kelly M. Cassidy', 'senate': 'Adriane L. Johnson'}",https://ilga.gov/Legislation/BillStatus?DocNum=4834&GAID=18&DocTypeID=HB&LegId=166080&SessionID=114
HB4834,action count,match,ours 59 vs ilga.gov 59,https://ilga.gov/Legislation/BillStatus?DocNum=4834&GAID=18&DocTypeID=HB&LegId=166080&SessionID=114
HB4834,latest action,match,ours 2026-06-29 'Public Act . . . . . . . . . 104-0535' vs ilga.gov 2026-06-29 'Public Act . . . . . . . . . 104-0535',https://ilga.gov/Legislation/BillStatus?DocNum=4834&GAID=18&DocTypeID=HB&LegId=166080&SessionID=114
HB4834,public act number,match,104-0535,https://ilga.gov/Legislation/BillStatus?DocNum=4834&GAID=18&DocTypeID=HB&LegId=166080&SessionID=114
HB2016,title,match,'$LT GOV-TECH' vs '$LT GOV-TECH',https://ilga.gov/Legislation/BillStatus?DocNum=2016&GAID=18&DocTypeID=HB&LegId=159663&SessionID=114
HB2016,synopsis (abstracts),ours_missing,Appropriates $2 from the General Revenue Fund to the Office of the Lieutenant Governor for its FY26 ordinary and conting,https://ilga.gov/Legislation/BillStatus?DocNum=2016&GAID=18&DocTypeID=HB&LegId=159663&SessionID=114
HB2016,statutes (citations),both_missing,,https://ilga.gov/Legislation/BillStatus?DocNum=2016&GAID=18&DocTypeID=HB&LegId=159663&SessionID=114
HB2016,sponsors,match,1 names,https://ilga.gov/Legislation/BillStatus?DocNum=2016&GAID=18&DocTypeID=HB&LegId=159663&SessionID=114
HB2016,chief sponsor,match,ilga.gov chiefs: {'house': 'Tony M. McCombie'},https://ilga.gov/Legislation/BillStatus?DocNum=2016&GAID=18&DocTypeID=HB&LegId=159663&SessionID=114
HB2016,action count,match,ours 12 vs ilga.gov 12,https://ilga.gov/Legislation/BillStatus?DocNum=2016&GAID=18&DocTypeID=HB&LegId=159663&SessionID=114
HB2016,latest action,match,ours 2026-07-01 'Rule 19(b) / Re-referred to Rules Committee' vs ilga.gov 2026-07-01 'Rule 19(b) / Re-referred to Rules Committee',https://ilga.gov/Legislation/BillStatus?DocNum=2016&GAID=18&DocTypeID=HB&LegId=159663&SessionID=114
HB4593,title,match,'$DNR-PUBLIC MUSEUMS' vs '$DNR-PUBLIC MUSEUMS',https://ilga.gov/Legislation/BillStatus?DocNum=4593&GAID=18&DocTypeID=HB&LegId=165453&SessionID=114
HB4593,synopsis (abstracts),ours_missing,"Appropriates $5,000,000 from the General Revenue Fund to the Department of Natural Resources for the purpose of capital ",https://ilga.gov/Legislation/BillStatus?DocNum=4593&GAID=18&DocTypeID=HB&LegId=165453&SessionID=114
HB4593,statutes (citations),both_missing,,https://ilga.gov/Legislation/BillStatus?DocNum=4593&GAID=18&DocTypeID=HB&LegId=165453&SessionID=114
HB4593,sponsors,match,2 names,https://ilga.gov/Legislation/BillStatus?DocNum=4593&GAID=18&DocTypeID=HB&LegId=165453&SessionID=114
HB4593,chief sponsor,match,ilga.gov chiefs: {'house': 'Kimberly Du Buclet'},https://ilga.gov/Legislation/BillStatus?DocNum=4593&GAID=18&DocTypeID=HB&LegId=165453&SessionID=114
HB4593,action count,match,ours 6 vs ilga.gov 6,https://ilga.gov/Legislation/BillStatus?DocNum=4593&GAID=18&DocTypeID=HB&LegId=165453&SessionID=114
HB4593,latest action,match,ours 2026-07-01 'Rule 19(b) / Re-referred to Rules Committee' vs ilga.gov 2026-07-01 'Rule 19(b) / Re-referred to Rules Committee',https://ilga.gov/Legislation/BillStatus?DocNum=4593&GAID=18&DocTypeID=HB&LegId=165453&SessionID=114
HB957,title,match,'STATE GOVERNMENT-TECH' vs 'STATE GOVERNMENT-TECH',https://ilga.gov/Legislation/BillStatus?DocNum=957&GAID=18&DocTypeID=HB&LegId=156635&SessionID=114
HB957,synopsis (abstracts),ours_missing,Amends the Civil Administrative Code of Illinois. Makes a technical change in a Section concerning the short title.,https://ilga.gov/Legislation/BillStatus?DocNum=957&GAID=18&DocTypeID=HB&LegId=156635&SessionID=114
HB957,statutes (citations),ours_missing,20 ILCS 5/1-1,https://ilga.gov/Legislation/BillStatus?DocNum=957&GAID=18&DocTypeID=HB&LegId=156635&SessionID=114
HB957,sponsors,match,13 names,https://ilga.gov/Legislation/BillStatus?DocNum=957&GAID=18&DocTypeID=HB&LegId=156635&SessionID=114
HB957,chief sponsor,match,"ilga.gov chiefs: {'house': 'Rita Mayfield', 'senate': 'Mike Simmons'}",https://ilga.gov/Legislation/BillStatus?DocNum=957&GAID=18&DocTypeID=HB&LegId=156635&SessionID=114
HB957,action count,match,ours 63 vs ilga.gov 63,https://ilga.gov/Legislation/BillStatus?DocNum=957&GAID=18&DocTypeID=HB&LegId=156635&SessionID=114
HB957,latest action,match,ours 2026-07-01 'Rule 19(b) / Re-referred to Rules Committee' vs ilga.gov 2026-07-01 'Rule 19(b) / Re-referred to Rules Committee',https://ilga.gov/Legislation/BillStatus?DocNum=957&GAID=18&DocTypeID=HB&LegId=156635&SessionID=114
HB4842,title,match,'FIRST RESPONDER-STRESS SERVICE' vs 'FIRST RESPONDER-STRESS SERVICE',https://ilga.gov/Legislation/BillStatus?DocNum=4842&GAID=18&DocTypeID=HB&LegId=166106&SessionID=114
HB4842,synopsis (abstracts),ours_missing,Amends the First Responders Suicide Prevention Act. Provides that confidentiality protections under the Act apply regard,https://ilga.gov/Legislation/BillStatus?DocNum=4842&GAID=18&DocTypeID=HB&LegId=166106&SessionID=114
HB4842,statutes (citations),ours_missing,5 ILCS 840/20; 5 ILCS 840/23 new,https://ilga.gov/Legislation/BillStatus?DocNum=4842&GAID=18&DocTypeID=HB&LegId=166106&SessionID=114
HB4842,sponsors,match,13 names,https://ilga.gov/Legislation/BillStatus?DocNum=4842&GAID=18&DocTypeID=HB&LegId=166106&SessionID=114
HB4842,chief sponsor,match,"ilga.gov chiefs: {'house': 'Michael J. Kelly', 'senate': 'John F. Curran'}",https://ilga.gov/Legislation/BillStatus?DocNum=4842&GAID=18&DocTypeID=HB&LegId=166106&SessionID=114
HB4842,action count,match,ours 46 vs ilga.gov 46,https://ilga.gov/Legislation/BillStatus?DocNum=4842&GAID=18&DocTypeID=HB&LegId=166106&SessionID=114
HB4842,latest action,match,ours 2026-07-31 'Public Act . . . . . . . . . 104-0681' vs ilga.gov 2026-07-31 'Public Act . . . . . . . . . 104-0681',https://ilga.gov/Legislation/BillStatus?DocNum=4842&GAID=18&DocTypeID=HB&LegId=166106&SessionID=114
HB4842,public act number,match,104-0681,https://ilga.gov/Legislation/BillStatus?DocNum=4842&GAID=18&DocTypeID=HB&LegId=166106&SessionID=114
HB5135,title,match,'ADULT EDUCATION PROGRAMS' vs 'ADULT EDUCATION PROGRAMS',https://ilga.gov/Legislation/BillStatus?DocNum=5135&GAID=18&DocTypeID=HB&LegId=166729&SessionID=114
HB5135,synopsis (abstracts),ours_missing,Amends the Adult Education Act and the Public Community College Act. With respect to the annual report on adult educatio,https://ilga.gov/Legislation/BillStatus?DocNum=5135&GAID=18&DocTypeID=HB&LegId=166729&SessionID=114
HB5135,statutes (citations),ours_missing,105 ILCS 405/2-4; 105 ILCS 405/3-1; 110 ILCS 805/2-12,https://ilga.gov/Legislation/BillStatus?DocNum=5135&GAID=18&DocTypeID=HB&LegId=166729&SessionID=114
HB5135,sponsors,match,10 names,https://ilga.gov/Legislation/BillStatus?DocNum=5135&GAID=18&DocTypeID=HB&LegId=166729&SessionID=114
HB5135,chief sponsor,match,"ilga.gov chiefs: {'house': 'Aarón M. Ortíz', 'senate': 'Graciela Guzmán'}",https://ilga.gov/Legislation/BillStatus?DocNum=5135&GAID=18&DocTypeID=HB&LegId=166729&SessionID=114
HB5135,action count,match,ours 33 vs ilga.gov 33,https://ilga.gov/Legislation/BillStatus?DocNum=5135&GAID=18&DocTypeID=HB&LegId=166729&SessionID=114
HB5135,latest action,match,ours 2026-07-31 'Public Act . . . . . . . . . 104-0693' vs ilga.gov 2026-07-31 'Public Act . . . . . . . . . 104-0693',https://ilga.gov/Legislation/BillStatus?DocNum=5135&GAID=18&DocTypeID=HB&LegId=166729&SessionID=114
HB5135,public act number,match,104-0693,https://ilga.gov/Legislation/BillStatus?DocNum=5135&GAID=18&DocTypeID=HB&LegId=166729&SessionID=114
HB5786,title,match,'CO2 PIPELINES-EMINENT DOMAIN' vs 'CO2 PIPELINES-EMINENT DOMAIN',https://ilga.gov/Legislation/BillStatus?DocNum=5786&GAID=18&DocTypeID=HB&LegId=168604&SessionID=114
HB5786,synopsis (abstracts),ours_missing,"Amends the Public Utilities Act. In provisions concerning the exercise of eminent domain powers by a public utility, pro",https://ilga.gov/Legislation/BillStatus?DocNum=5786&GAID=18&DocTypeID=HB&LegId=168604&SessionID=114
HB5786,statutes (citations),ours_missing,220 ILCS 5/8-509; 220 ILCS 75/20,https://ilga.gov/Legislation/BillStatus?DocNum=5786&GAID=18&DocTypeID=HB&LegId=168604&SessionID=114
HB5786,sponsors,differs,"only ours: []; only ilga.gov: ['anne stava', 'will guzzardi', 'william hauter']",https://ilga.gov/Legislation/BillStatus?DocNum=5786&GAID=18&DocTypeID=HB&LegId=168604&SessionID=114
HB5786,chief sponsor,match,ilga.gov chiefs: {'house': 'Theresa Mah'},https://ilga.gov/Legislation/BillStatus?DocNum=5786&GAID=18&DocTypeID=HB&LegId=168604&SessionID=114
HB5786,action count,differs,ours 5 vs ilga.gov 8,https://ilga.gov/Legislation/BillStatus?DocNum=5786&GAID=18&DocTypeID=HB&LegId=168604&SessionID=114
HB5786,latest action,differs,ours 2026-09-10 'Added Co-Sponsor Rep. Anna Moeller' vs ilga.gov 2026-10-07 'Added Co-Sponsor Rep. Will Guzzardi',https://ilga.gov/Legislation/BillStatus?DocNum=5786&GAID=18&DocTypeID=HB&LegId=168604&SessionID=114
HJR29,title,match,'ISBE-GIFTED LEARNERS' vs 'ISBE-GIFTED LEARNERS',https://ilga.gov/Legislation/BillStatus?DocNum=29&GAID=18&DocTypeID=HJR&LegId=163511&SessionID=114
HJR29,synopsis (abstracts),ours_missing,Directs the Professional Review Panel and the Illinois State Board of Education to conduct the analysis and financial mo,https://ilga.gov/Legislation/BillStatus?DocNum=29&GAID=18&DocTypeID=HJR&LegId=163511&SessionID=114
HJR29,statutes (citations),both_missing,,https://ilga.gov/Legislation/BillStatus?DocNum=29&GAID=18&DocTypeID=HJR&LegId=163511&SessionID=114
HJR29,sponsors,match,3 names,https://ilga.gov/Legislation/BillStatus?DocNum=29&GAID=18&DocTypeID=HJR&LegId=163511&SessionID=114
HJR29,chief sponsor,match,"ilga.gov chiefs: {'house': 'Daniel Didech', 'senate': 'Adriane L. Johnson'}",https://ilga.gov/Legislation/BillStatus?DocNum=29&GAID=18&DocTypeID=HJR&LegId=163511&SessionID=114
HJR29,action count,match,ours 14 vs ilga.gov 14,https://ilga.gov/Legislation/BillStatus?DocNum=29&GAID=18&DocTypeID=HJR&LegId=163511&SessionID=114
HJR29,latest action,match,ours 2025-05-27 'Referred to Assignments' vs ilga.gov 2025-05-27 'Referred to Assignments',https://ilga.gov/Legislation/BillStatus?DocNum=29&GAID=18&DocTypeID=HJR&LegId=163511&SessionID=114
HJR5,title,match,'FRED KOREMATSU-LEGACY' vs 'FRED KOREMATSU-LEGACY',https://ilga.gov/Legislation/BillStatus?DocNum=5&GAID=18&DocTypeID=HJR&LegId=159211&SessionID=114
HJR5,synopsis (abstracts),ours_missing,"Commends Fred T. Korematsu for his courageous efforts for civil liberties. Honors the legacy of Fred Korematsu, his inst",https://ilga.gov/Legislation/BillStatus?DocNum=5&GAID=18&DocTypeID=HJR&LegId=159211&SessionID=114
HJR5,statutes (citations),both_missing,,https://ilga.gov/Legislation/BillStatus?DocNum=5&GAID=18&DocTypeID=HJR&LegId=159211&SessionID=114
HJR5,sponsors,match,13 names,https://ilga.gov/Legislation/BillStatus?DocNum=5&GAID=18&DocTypeID=HJR&LegId=159211&SessionID=114
HJR5,chief sponsor,match,"ilga.gov chiefs: {'house': 'Jennifer Gong-Gershowitz', 'senate': 'Ram Villivalam'}",https://ilga.gov/Legislation/BillStatus?DocNum=5&GAID=18&DocTypeID=HJR&LegId=159211&SessionID=114
HJR5,action count,match,ours 24 vs ilga.gov 24,https://ilga.gov/Legislation/BillStatus?DocNum=5&GAID=18&DocTypeID=HJR&LegId=159211&SessionID=114
HJR5,latest action,match,ours 2025-05-30 'Referred to Assignments' vs ilga.gov 2025-05-30 'Referred to Assignments',https://ilga.gov/Legislation/BillStatus?DocNum=5&GAID=18&DocTypeID=HJR&LegId=159211&SessionID=114
HJR26,title,match,'END GUN VIOLENCE TASK FORCE' vs 'END GUN VIOLENCE TASK FORCE',https://ilga.gov/Legislation/BillStatus?DocNum=26&GAID=18&DocTypeID=HJR&LegId=163473&SessionID=114
HJR26,synopsis (abstracts),ours_missing,"Creates the End Gun Violence in Disproportionately Impacted Areas Task Force to study, analyze data, make recommendation",https://ilga.gov/Legislation/BillStatus?DocNum=26&GAID=18&DocTypeID=HJR&LegId=163473&SessionID=114
HJR26,statutes (citations),both_missing,,https://ilga.gov/Legislation/BillStatus?DocNum=26&GAID=18&DocTypeID=HJR&LegId=163473&SessionID=114
HJR26,sponsors,match,3 names,https://ilga.gov/Legislation/BillStatus?DocNum=26&GAID=18&DocTypeID=HJR&LegId=163473&SessionID=114
HJR26,chief sponsor,match,"ilga.gov chiefs: {'house': 'Sonya M. Harper', 'senate': 'Mattie Hunter'}",https://ilga.gov/Legislation/BillStatus?DocNum=26&GAID=18&DocTypeID=HJR&LegId=163473&SessionID=114
HJR26,action count,match,ours 23 vs ilga.gov 23,https://ilga.gov/Legislation/BillStatus?DocNum=26&GAID=18&DocTypeID=HJR&LegId=163473&SessionID=114
HJR26,latest action,match,ours 2026-02-04 'Referred to Assignments' vs ilga.gov 2026-02-04 'Referred to Assignments',https://ilga.gov/Legislation/BillStatus?DocNum=26&GAID=18&DocTypeID=HJR&LegId=163473&SessionID=114
HJR67,title,match,'CONDOMINIUM TASK FORCE' vs 'CONDOMINIUM TASK FORCE',https://ilga.gov/Legislation/BillStatus?DocNum=67&GAID=18&DocTypeID=HJR&LegId=168585&SessionID=114
HJR67,synopsis (abstracts),ours_missing,"Creates the Illinois Condominium Governance and Transparency Task Force to study the transparency, financial integrity, ",https://ilga.gov/Legislation/BillStatus?DocNum=67&GAID=18&DocTypeID=HJR&LegId=168585&SessionID=114
HJR67,statutes (citations),both_missing,,https://ilga.gov/Legislation/BillStatus?DocNum=67&GAID=18&DocTypeID=HJR&LegId=168585&SessionID=114
HJR67,sponsors,match,8 names,https://ilga.gov/Legislation/BillStatus?DocNum=67&GAID=18&DocTypeID=HJR&LegId=168585&SessionID=114
HJR67,chief sponsor,match,"ilga.gov chiefs: {'house': 'Sonya M. Harper', 'senate': 'Mattie Hunter'}",https://ilga.gov/Legislation/BillStatus?DocNum=67&GAID=18&DocTypeID=HJR&LegId=168585&SessionID=114
HJR67,action count,match,ours 17 vs ilga.gov 17,https://ilga.gov/Legislation/BillStatus?DocNum=67&GAID=18&DocTypeID=HJR&LegId=168585&SessionID=114
HJR67,latest action,match,ours 2026-05-28 'Referred to Assignments' vs ilga.gov 2026-05-28 'Referred to Assignments',https://ilga.gov/Legislation/BillStatus?DocNum=67&GAID=18&DocTypeID=HJR&LegId=168585&SessionID=114
HJR8,title,match,'TROOPER C. THOMPSEN HGWY' vs 'TROOPER C. THOMPSEN HGWY',https://ilga.gov/Legislation/BillStatus?DocNum=8&GAID=18&DocTypeID=HJR&LegId=160515&SessionID=114
HJR8,synopsis (abstracts),ours_missing,"Designates Interstate 74 Mile 91 as the ""Trooper Corey S. Thompsen Memorial Highway"".",https://ilga.gov/Legislation/BillStatus?DocNum=8&GAID=18&DocTypeID=HJR&LegId=160515&SessionID=114
HJR8,statutes (citations),both_missing,,https://ilga.gov/Legislation/BillStatus?DocNum=8&GAID=18&DocTypeID=HJR&LegId=160515&SessionID=114
HJR8,sponsors,match,5 names,https://ilga.gov/Legislation/BillStatus?DocNum=8&GAID=18&DocTypeID=HJR&LegId=160515&SessionID=114
HJR8,chief sponsor,match,"ilga.gov chiefs: {'house': 'Adam M. Niemerg', 'senate': 'Chapin Rose'}",https://ilga.gov/Legislation/BillStatus?DocNum=8&GAID=18&DocTypeID=HJR&LegId=160515&SessionID=114
HJR8,action count,match,ours 21 vs ilga.gov 21,https://ilga.gov/Legislation/BillStatus?DocNum=8&GAID=18&DocTypeID=HJR&LegId=160515&SessionID=114
HJR8,latest action,match,ours 2026-07-02 'Pursuant to Senate Rule 3-9(b) / Referred to Assignments' vs ilga.gov 2026-07-02 'Pursuant to Senate Rule 3-9(b) / Referred to Assignments',https://ilga.gov/Legislation/BillStatus?DocNum=8&GAID=18&DocTypeID=HJR&LegId=160515&SessionID=114
HJRCA6,title,match,'CONAMEND-EMINENT DOMAIN' vs 'CONAMEND-EMINENT DOMAIN',https://ilga.gov/Legislation/BillStatus?DocNum=6&GAID=18&DocTypeID=HJRCA&LegId=157391&SessionID=114
HJRCA6,synopsis (abstracts),ours_missing,Proposes to amend the Bill of Rights Article of the Illinois Constitution concerning eminent domain. Provides that priva,https://ilga.gov/Legislation/BillStatus?DocNum=6&GAID=18&DocTypeID=HJRCA&LegId=157391&SessionID=114
HJRCA6,statutes (citations),both_missing,,https://ilga.gov/Legislation/BillStatus?DocNum=6&GAID=18&DocTypeID=HJRCA&LegId=157391&SessionID=114
HJRCA6,sponsors,match,1 names,https://ilga.gov/Legislation/BillStatus?DocNum=6&GAID=18&DocTypeID=HJRCA&LegId=157391&SessionID=114
HJRCA6,chief sponsor,match,ilga.gov chiefs: {'house': 'John M. Cabello'},https://ilga.gov/Legislation/BillStatus?DocNum=6&GAID=18&DocTypeID=HJRCA&LegId=157391&SessionID=114
HJRCA6,action count,match,ours 3 vs ilga.gov 3,https://ilga.gov/Legislation/BillStatus?DocNum=6&GAID=18&DocTypeID=HJRCA&LegId=157391&SessionID=114
HJRCA6,latest action,match,ours 2025-01-28 'Referred to Rules Committee' vs ilga.gov 2025-01-28 'Referred to Rules Committee',https://ilga.gov/Legislation/BillStatus?DocNum=6&GAID=18&DocTypeID=HJRCA&LegId=157391&SessionID=114
HJRCA10,title,match,'CONAMEND-GA COMPENSATION' vs 'CONAMEND-GA COMPENSATION',https://ilga.gov/Legislation/BillStatus?DocNum=10&GAID=18&DocTypeID=HJRCA&LegId=160628&SessionID=114
HJRCA10,synopsis (abstracts),ours_missing,Proposes to amend the Legislature Article of the Illinois Constitution. Provides that the annual base salary of a member,https://ilga.gov/Legislation/BillStatus?DocNum=10&GAID=18&DocTypeID=HJRCA&LegId=160628&SessionID=114
HJRCA10,statutes (citations),both_missing,,https://ilga.gov/Legislation/BillStatus?DocNum=10&GAID=18&DocTypeID=HJRCA&LegId=160628&SessionID=114
HJRCA10,sponsors,match,1 names,https://ilga.gov/Legislation/BillStatus?DocNum=10&GAID=18&DocTypeID=HJRCA&LegId=160628&SessionID=114
HJRCA10,chief sponsor,match,ilga.gov chiefs: {'house': 'John M. Cabello'},https://ilga.gov/Legislation/BillStatus?DocNum=10&GAID=18&DocTypeID=HJRCA&LegId=160628&SessionID=114
HJRCA10,action count,match,ours 3 vs ilga.gov 3,https://ilga.gov/Legislation/BillStatus?DocNum=10&GAID=18&DocTypeID=HJRCA&LegId=160628&SessionID=114
HJRCA10,latest action,match,ours 2025-02-18 'Referred to Rules Committee' vs ilga.gov 2025-02-18 'Referred to Rules Committee',https://ilga.gov/Legislation/BillStatus?DocNum=10&GAID=18&DocTypeID=HJRCA&LegId=160628&SessionID=114
HJRCA14,title,match,'CONAMEND-DATE OF ELECTIONS' vs 'CONAMEND-DATE OF ELECTIONS',https://ilga.gov/Legislation/BillStatus?DocNum=14&GAID=18&DocTypeID=HJRCA&LegId=161749&SessionID=114
HJRCA14,synopsis (abstracts),ours_missing,"Proposes to amend the Suffrage and Elections Article of the Illinois Constitution. Provides that, following the consolid",https://ilga.gov/Legislation/BillStatus?DocNum=14&GAID=18&DocTypeID=HJRCA&LegId=161749&SessionID=114
HJRCA14,statutes (citations),both_missing,,https://ilga.gov/Legislation/BillStatus?DocNum=14&GAID=18&DocTypeID=HJRCA&LegId=161749&SessionID=114
HJRCA14,sponsors,match,1 names,https://ilga.gov/Legislation/BillStatus?DocNum=14&GAID=18&DocTypeID=HJRCA&LegId=161749&SessionID=114
HJRCA14,chief sponsor,match,ilga.gov chiefs: {'house': 'Brad Halbrook'},https://ilga.gov/Legislation/BillStatus?DocNum=14&GAID=18&DocTypeID=HJRCA&LegId=161749&SessionID=114
HJRCA14,action count,match,ours 3 vs ilga.gov 3,https://ilga.gov/Legislation/BillStatus?DocNum=14&GAID=18&DocTypeID=HJRCA&LegId=161749&SessionID=114
HJRCA14,latest action,match,ours 2025-02-18 'Referred to Rules Committee' vs ilga.gov 2025-02-18 'Referred to Rules Committee',https://ilga.gov/Legislation/BillStatus?DocNum=14&GAID=18&DocTypeID=HJRCA&LegId=161749&SessionID=114
HJRCA19,title,match,'CONAMEND-LEGISLATIVE QUORUM' vs 'CONAMEND-LEGISLATIVE QUORUM',https://ilga.gov/Legislation/BillStatus?DocNum=19&GAID=18&DocTypeID=HJRCA&LegId=164029&SessionID=114
HJRCA19,synopsis (abstracts),ours_missing,Proposes to amend the Legislature Article of the Illinois Constitution. Provides that two-thirds of each house shall con,https://ilga.gov/Legislation/BillStatus?DocNum=19&GAID=18&DocTypeID=HJRCA&LegId=164029&SessionID=114
HJRCA19,statutes (citations),both_missing,,https://ilga.gov/Legislation/BillStatus?DocNum=19&GAID=18&DocTypeID=HJRCA&LegId=164029&SessionID=114
HJRCA19,sponsors,differs,only ours: ['dan ugaste']; only ilga.gov: ['daniel ugaste'],https://ilga.gov/Legislation/BillStatus?DocNum=19&GAID=18&DocTypeID=HJRCA&LegId=164029&SessionID=114
HJRCA19,chief sponsor,match,ilga.gov chiefs: {'house': 'Ryan Spain'},https://ilga.gov/Legislation/BillStatus?DocNum=19&GAID=18&DocTypeID=HJRCA&LegId=164029&SessionID=114
HJRCA19,action count,match,ours 10 vs ilga.gov 10,https://ilga.gov/Legislation/BillStatus?DocNum=19&GAID=18&DocTypeID=HJRCA&LegId=164029&SessionID=114
HJRCA19,latest action,match,ours 2026-01-14 'Referred to Rules Committee' vs ilga.gov 2026-01-14 'Referred to Rules Committee',https://ilga.gov/Legislation/BillStatus?DocNum=19&GAID=18&DocTypeID=HJRCA&LegId=164029&SessionID=114
HJRCA21,title,match,'CONAMEND-REVENUE' vs 'CONAMEND-REVENUE',https://ilga.gov/Legislation/BillStatus?DocNum=21&GAID=18&DocTypeID=HJRCA&LegId=164450&SessionID=114
HJRCA21,synopsis (abstracts),ours_missing,Proposes to amend the Revenue Article of the Illinois Constitution. Provides that an additional income tax shall be impo,https://ilga.gov/Legislation/BillStatus?DocNum=21&GAID=18&DocTypeID=HJRCA&LegId=164450&SessionID=114
HJRCA21,statutes (citations),both_missing,,https://ilga.gov/Legislation/BillStatus?DocNum=21&GAID=18&DocTypeID=HJRCA&LegId=164450&SessionID=114
HJRCA21,sponsors,match,4 names,https://ilga.gov/Legislation/BillStatus?DocNum=21&GAID=18&DocTypeID=HJRCA&LegId=164450&SessionID=114
HJRCA21,chief sponsor,match,ilga.gov chiefs: {'house': 'La Shawn K. Ford'},https://ilga.gov/Legislation/BillStatus?DocNum=21&GAID=18&DocTypeID=HJRCA&LegId=164450&SessionID=114
HJRCA21,action count,match,ours 17 vs ilga.gov 17,https://ilga.gov/Legislation/BillStatus?DocNum=21&GAID=18&DocTypeID=HJRCA&LegId=164450&SessionID=114
HJRCA21,latest action,match,ours 2026-07-01 'Rule 19(b) / Re-referred to Rules Committee' vs ilga.gov 2026-07-01 'Rule 19(b) / Re-referred to Rules Committee',https://ilga.gov/Legislation/BillStatus?DocNum=21&GAID=18&DocTypeID=HJRCA&LegId=164450&SessionID=114
HR15,title,match,'HOUSE RULES 104TH' vs 'HOUSE RULES 104TH',https://ilga.gov/Legislation/BillStatus?DocNum=15&GAID=18&DocTypeID=HR&LegId=156957&SessionID=114
HR15,synopsis (abstracts),ours_missing,Adopts the House Rules for the 104th General Assembly.,https://ilga.gov/Legislation/BillStatus?DocNum=15&GAID=18&DocTypeID=HR&LegId=156957&SessionID=114
HR15,statutes (citations),both_missing,,https://ilga.gov/Legislation/BillStatus?DocNum=15&GAID=18&DocTypeID=HR&LegId=156957&SessionID=114
HR15,sponsors,match,1 names,https://ilga.gov/Legislation/BillStatus?DocNum=15&GAID=18&DocTypeID=HR&LegId=156957&SessionID=114
HR15,chief sponsor,match,ilga.gov chiefs: {'house': 'Robyn Gabel'},https://ilga.gov/Legislation/BillStatus?DocNum=15&GAID=18&DocTypeID=HR&LegId=156957&SessionID=114
HR15,action count,match,ours 5 vs ilga.gov 5,https://ilga.gov/Legislation/BillStatus?DocNum=15&GAID=18&DocTypeID=HR&LegId=156957&SessionID=114
HR15,latest action,match,ours 2025-01-09 'Resolution Adopted 077-036-000' vs ilga.gov 2025-01-09 'Resolution Adopted 077-036-000',https://ilga.gov/Legislation/BillStatus?DocNum=15&GAID=18&DocTypeID=HR&LegId=156957&SessionID=114
HR184,title,match,'MEMORIAL-FRED H. BRIGHT JR.' vs 'MEMORIAL-FRED H. BRIGHT JR.',https://ilga.gov/Legislation/BillStatus?DocNum=184&GAID=18&DocTypeID=HR&LegId=163206&SessionID=114
HR184,synopsis (abstracts),ours_missing,"Mourns the passing of Fred H. Bright Jr., the former Mayor of the Village of East Alton.",https://ilga.gov/Legislation/BillStatus?DocNum=184&GAID=18&DocTypeID=HR&LegId=163206&SessionID=114
HR184,statutes (citations),both_missing,,https://ilga.gov/Legislation/BillStatus?DocNum=184&GAID=18&DocTypeID=HR&LegId=163206&SessionID=114
HR184,sponsors,match,1 names,https://ilga.gov/Legislation/BillStatus?DocNum=184&GAID=18&DocTypeID=HR&LegId=163206&SessionID=114
HR184,chief sponsor,match,ilga.gov chiefs: {'house': 'Amy Elik'},https://ilga.gov/Legislation/BillStatus?DocNum=184&GAID=18&DocTypeID=HR&LegId=163206&SessionID=114
HR184,action count,match,ours 3 vs ilga.gov 3,https://ilga.gov/Legislation/BillStatus?DocNum=184&GAID=18&DocTypeID=HR&LegId=163206&SessionID=114
HR184,latest action,match,ours 2025-03-12 'Resolution Adopted by Voice Vote' vs ilga.gov 2025-03-12 'Resolution Adopted by Voice Vote',https://ilga.gov/Legislation/BillStatus?DocNum=184&GAID=18&DocTypeID=HR&LegId=163206&SessionID=114
HR226,title,match,'CONGRATS-REBECCA L. HOOKS' vs 'CONGRATS-REBECCA L. HOOKS',https://ilga.gov/Legislation/BillStatus?DocNum=226&GAID=18&DocTypeID=HR&LegId=163332&SessionID=114
HR226,synopsis (abstracts),ours_missing,Congratulates Rebecca L. Hooks on becoming the first woman to reach the rank of first deputy director with the Illinois ,https://ilga.gov/Legislation/BillStatus?DocNum=226&GAID=18&DocTypeID=HR&LegId=163332&SessionID=114
HR226,statutes (citations),both_missing,,https://ilga.gov/Legislation/BillStatus?DocNum=226&GAID=18&DocTypeID=HR&LegId=163332&SessionID=114
HR226,sponsors,match,15 names,https://ilga.gov/Legislation/BillStatus?DocNum=226&GAID=18&DocTypeID=HR&LegId=163332&SessionID=114
HR226,chief sponsor,match,ilga.gov chiefs: {'house': 'Tony M. McCombie'},https://ilga.gov/Legislation/BillStatus?DocNum=226&GAID=18&DocTypeID=HR&LegId=163332&SessionID=114
HR226,action count,match,ours 17 vs ilga.gov 17,https://ilga.gov/Legislation/BillStatus?DocNum=226&GAID=18&DocTypeID=HR&LegId=163332&SessionID=114
HR226,latest action,match,ours 2025-04-10 'Added Co-Sponsor Rep. Dan Swanson' vs ilga.gov 2025-04-10 'Added Co-Sponsor Rep. Dan Swanson',https://ilga.gov/Legislation/BillStatus?DocNum=226&GAID=18&DocTypeID=HR&LegId=163332&SessionID=114
HR328,title,match,'CONGRATS-DR. CLARE M. OLLAYOS' vs 'CONGRATS-DR. CLARE M. OLLAYOS',https://ilga.gov/Legislation/BillStatus?DocNum=328&GAID=18&DocTypeID=HR&LegId=163734&SessionID=114
HR328,synopsis (abstracts),ours_missing,Congratulates Dr. Clare M. Ollayos on her retirement from the Elgin Community College Board of Trustees.,https://ilga.gov/Legislation/BillStatus?DocNum=328&GAID=18&DocTypeID=HR&LegId=163734&SessionID=114
HR328,statutes (citations),both_missing,,https://ilga.gov/Legislation/BillStatus?DocNum=328&GAID=18&DocTypeID=HR&LegId=163734&SessionID=114
HR328,sponsors,match,1 names,https://ilga.gov/Legislation/BillStatus?DocNum=328&GAID=18&DocTypeID=HR&LegId=163734&SessionID=114
HR328,chief sponsor,match,ilga.gov chiefs: {'house': 'Anna Moeller'},https://ilga.gov/Legislation/BillStatus?DocNum=328&GAID=18&DocTypeID=HR&LegId=163734&SessionID=114
HR328,action count,match,ours 3 vs ilga.gov 3,https://ilga.gov/Legislation/BillStatus?DocNum=328&GAID=18&DocTypeID=HR&LegId=163734&SessionID=114
HR328,latest action,match,ours 2025-05-13 'Resolution Adopted' vs ilga.gov 2025-05-13 'Resolution Adopted',https://ilga.gov/Legislation/BillStatus?DocNum=328&GAID=18&DocTypeID=HR&LegId=163734&SessionID=114
HR373,title,match,'COMMENDS-COURT D. HARRIS' vs 'COMMENDS-COURT D. HARRIS',https://ilga.gov/Legislation/BillStatus?DocNum=373&GAID=18&DocTypeID=HR&LegId=163850&SessionID=114
HR373,synopsis (abstracts),ours_missing,Commends Court D. Harris on his eight years of service as chairman of the Chicago Executive Airport Board. Wishes him al,https://ilga.gov/Legislation/BillStatus?DocNum=373&GAID=18&DocTypeID=HR&LegId=163850&SessionID=114
HR373,statutes (citations),both_missing,,https://ilga.gov/Legislation/BillStatus?DocNum=373&GAID=18&DocTypeID=HR&LegId=163850&SessionID=114
HR373,sponsors,match,1 names,https://ilga.gov/Legislation/BillStatus?DocNum=373&GAID=18&DocTypeID=HR&LegId=163850&SessionID=114
HR373,chief sponsor,match,ilga.gov chiefs: {'house': 'Tracy Katz Muhl'},https://ilga.gov/Legislation/BillStatus?DocNum=373&GAID=18&DocTypeID=HR&LegId=163850&SessionID=114
HR373,action count,match,ours 3 vs ilga.gov 3,https://ilga.gov/Legislation/BillStatus?DocNum=373&GAID=18&DocTypeID=HR&LegId=163850&SessionID=114
HR373,latest action,match,ours 2025-05-23 'Resolution Adopted' vs ilga.gov 2025-05-23 'Resolution Adopted',https://ilga.gov/Legislation/BillStatus?DocNum=373&GAID=18&DocTypeID=HR&LegId=163850&SessionID=114
HR152,title,match,'BLACK FARMERS/GROWERS WEEK' vs 'BLACK FARMERS/GROWERS WEEK',https://ilga.gov/Legislation/BillStatus?DocNum=152&GAID=18&DocTypeID=HR&LegId=162997&SessionID=114
HR152,synopsis (abstracts),ours_missing,"Declares May 11 through May 17, 2025 as Black Farmers and Growers Week. Encourages the people of Illinois and their repr",https://ilga.gov/Legislation/BillStatus?DocNum=152&GAID=18&DocTypeID=HR&LegId=162997&SessionID=114
HR152,statutes (citations),both_missing,,https://ilga.gov/Legislation/BillStatus?DocNum=152&GAID=18&DocTypeID=HR&LegId=162997&SessionID=114
HR152,sponsors,match,2 names,https://ilga.gov/Legislation/BillStatus?DocNum=152&GAID=18&DocTypeID=HR&LegId=162997&SessionID=114
HR152,chief sponsor,match,ilga.gov chiefs: {'house': 'Sonya M. Harper'},https://ilga.gov/Legislation/BillStatus?DocNum=152&GAID=18&DocTypeID=HR&LegId=162997&SessionID=114
HR152,action count,match,ours 7 vs ilga.gov 7,https://ilga.gov/Legislation/BillStatus?DocNum=152&GAID=18&DocTypeID=HR&LegId=162997&SessionID=114
HR152,latest action,match,ours 2025-05-31 'Resolution Adopted' vs ilga.gov 2025-05-31 'Resolution Adopted',https://ilga.gov/Legislation/BillStatus?DocNum=152&GAID=18&DocTypeID=HR&LegId=162997&SessionID=114
HR445,title,match,'COMMENDS-DR. PORTER/E. PORTER' vs 'COMMENDS-DR. PORTER/E. PORTER',https://ilga.gov/Legislation/BillStatus?DocNum=445&GAID=18&DocTypeID=HR&LegId=164060&SessionID=114
HR445,synopsis (abstracts),ours_missing,Commends Bishop Dr. Claude Porter and Lady Bishop Earnestine Porter on achieving their 53rd year of dedicated and impact,https://ilga.gov/Legislation/BillStatus?DocNum=445&GAID=18&DocTypeID=HR&LegId=164060&SessionID=114
HR445,statutes (citations),both_missing,,https://ilga.gov/Legislation/BillStatus?DocNum=445&GAID=18&DocTypeID=HR&LegId=164060&SessionID=114
HR445,sponsors,match,1 names,https://ilga.gov/Legislation/BillStatus?DocNum=445&GAID=18&DocTypeID=HR&LegId=164060&SessionID=114
HR445,chief sponsor,match,"ilga.gov chiefs: {'house': 'Emanuel ""Chris"" Welch'}",https://ilga.gov/Legislation/BillStatus?DocNum=445&GAID=18&DocTypeID=HR&LegId=164060&SessionID=114
HR445,action count,match,ours 3 vs ilga.gov 3,https://ilga.gov/Legislation/BillStatus?DocNum=445&GAID=18&DocTypeID=HR&LegId=164060&SessionID=114
HR445,latest action,match,ours 2025-10-14 'Resolution Adopted' vs ilga.gov 2025-10-14 'Resolution Adopted',https://ilga.gov/Legislation/BillStatus?DocNum=445&GAID=18&DocTypeID=HR&LegId=164060&SessionID=114
HR432,title,match,"'RECOGNIZE-MOUND BAYOU, MS' vs 'RECOGNIZE-MOUND BAYOU, MS'",https://ilga.gov/Legislation/BillStatus?DocNum=432&GAID=18&DocTypeID=HR&LegId=164020&SessionID=114
HR432,synopsis (abstracts),ours_missing,"Recognizes the importance of Mound Bayou, Mississippi. Commends all persons involved in bring the Mound Bayou project to",https://ilga.gov/Legislation/BillStatus?DocNum=432&GAID=18&DocTypeID=HR&LegId=164020&SessionID=114
HR432,statutes (citations),both_missing,,https://ilga.gov/Legislation/BillStatus?DocNum=432&GAID=18&DocTypeID=HR&LegId=164020&SessionID=114
HR432,sponsors,match,14 names,https://ilga.gov/Legislation/BillStatus?DocNum=432&GAID=18&DocTypeID=HR&LegId=164020&SessionID=114
HR432,chief sponsor,match,"ilga.gov chiefs: {'house': 'Emanuel ""Chris"" Welch'}",https://ilga.gov/Legislation/BillStatus?DocNum=432&GAID=18&DocTypeID=HR&LegId=164020&SessionID=114
HR432,action count,match,ours 19 vs ilga.gov 19,https://ilga.gov/Legislation/BillStatus?DocNum=432&GAID=18&DocTypeID=HR&LegId=164020&SessionID=114
HR432,latest action,match,ours 2025-10-30 'Added Co-Sponsor Rep. Kimberly Du Buclet' vs ilga.gov 2025-10-30 'Added Co-Sponsor Rep. Kimberly Du Buclet',https://ilga.gov/Legislation/BillStatus?DocNum=432&GAID=18&DocTypeID=HR&LegId=164020&SessionID=114
HR526,title,match,'USPS-SUPPORT' vs 'USPS-SUPPORT',https://ilga.gov/Legislation/BillStatus?DocNum=526&GAID=18&DocTypeID=HR&LegId=164478&SessionID=114
HR526,synopsis (abstracts),ours_missing,Affirms that the United States Postal Service is a public service that belongs to the people and opposes any effort to d,https://ilga.gov/Legislation/BillStatus?DocNum=526&GAID=18&DocTypeID=HR&LegId=164478&SessionID=114
HR526,statutes (citations),both_missing,,https://ilga.gov/Legislation/BillStatus?DocNum=526&GAID=18&DocTypeID=HR&LegId=164478&SessionID=114
HR526,sponsors,match,8 names,https://ilga.gov/Legislation/BillStatus?DocNum=526&GAID=18&DocTypeID=HR&LegId=164478&SessionID=114
HR526,chief sponsor,match,ilga.gov chiefs: {'house': 'Jay Hoffman'},https://ilga.gov/Legislation/BillStatus?DocNum=526&GAID=18&DocTypeID=HR&LegId=164478&SessionID=114
HR526,action count,match,ours 15 vs ilga.gov 15,https://ilga.gov/Legislation/BillStatus?DocNum=526&GAID=18&DocTypeID=HR&LegId=164478&SessionID=114
HR526,latest action,match,ours 2025-10-30 'Added Co-Sponsor Rep. Will Guzzardi' vs ilga.gov 2025-10-30 'Added Co-Sponsor Rep. Will Guzzardi',https://ilga.gov/Legislation/BillStatus?DocNum=526&GAID=18&DocTypeID=HR&LegId=164478&SessionID=114
HR683,title,match,'CONGRATS-AMBOY H.S. FOOTBALL' vs 'CONGRATS-AMBOY H.S. FOOTBALL',https://ilga.gov/Legislation/BillStatus?DocNum=683&GAID=18&DocTypeID=HR&LegId=167825&SessionID=114
HR683,synopsis (abstracts),ours_missing,"Congratulates the Amboy High School 8-man football team, the Clippers, on winning the 2025 Illinois 8-Man Football Assoc",https://ilga.gov/Legislation/BillStatus?DocNum=683&GAID=18&DocTypeID=HR&LegId=167825&SessionID=114
HR683,statutes (citations),both_missing,,https://ilga.gov/Legislation/BillStatus?DocNum=683&GAID=18&DocTypeID=HR&LegId=167825&SessionID=114
HR683,sponsors,match,1 names,https://ilga.gov/Legislation/BillStatus?DocNum=683&GAID=18&DocTypeID=HR&LegId=167825&SessionID=114
HR683,chief sponsor,match,ilga.gov chiefs: {'house': 'Bradley Fritts'},https://ilga.gov/Legislation/BillStatus?DocNum=683&GAID=18&DocTypeID=HR&LegId=167825&SessionID=114
HR683,action count,match,ours 3 vs ilga.gov 3,https://ilga.gov/Legislation/BillStatus?DocNum=683&GAID=18&DocTypeID=HR&LegId=167825&SessionID=114
HR683,latest action,match,ours 2026-02-24 'Resolution Adopted' vs ilga.gov 2026-02-24 'Resolution Adopted',https://ilga.gov/Legislation/BillStatus?DocNum=683&GAID=18&DocTypeID=HR&LegId=167825&SessionID=114
HR719,title,match,'MEMORIAL-CINTHIA D. SMITH' vs 'MEMORIAL-CINTHIA D. SMITH',https://ilga.gov/Legislation/BillStatus?DocNum=719&GAID=18&DocTypeID=HR&LegId=168069&SessionID=114
HR719,synopsis (abstracts),ours_missing,"Mourns the death of Cinthia Dianne ""Cindy"" Smith.",https://ilga.gov/Legislation/BillStatus?DocNum=719&GAID=18&DocTypeID=HR&LegId=168069&SessionID=114
HR719,statutes (citations),both_missing,,https://ilga.gov/Legislation/BillStatus?DocNum=719&GAID=18&DocTypeID=HR&LegId=168069&SessionID=114
HR719,sponsors,match,1 names,https://ilga.gov/Legislation/BillStatus?DocNum=719&GAID=18&DocTypeID=HR&LegId=168069&SessionID=114
HR719,chief sponsor,match,ilga.gov chiefs: {'house': 'Sue Scherer'},https://ilga.gov/Legislation/BillStatus?DocNum=719&GAID=18&DocTypeID=HR&LegId=168069&SessionID=114
HR719,action count,match,ours 3 vs ilga.gov 3,https://ilga.gov/Legislation/BillStatus?DocNum=719&GAID=18&DocTypeID=HR&LegId=168069&SessionID=114
HR719,latest action,match,ours 2026-03-18 'Resolution Adopted' vs ilga.gov 2026-03-18 'Resolution Adopted',https://ilga.gov/Legislation/BillStatus?DocNum=719&GAID=18&DocTypeID=HR&LegId=168069&SessionID=114
HR838,title,match,'MEMORIAL-TERYN ROBINSON' vs 'MEMORIAL-TERYN ROBINSON',https://ilga.gov/Legislation/BillStatus?DocNum=838&GAID=18&DocTypeID=HR&LegId=168359&SessionID=114
HR838,synopsis (abstracts),ours_missing,Mourns the passing of Teryn Robinson.,https://ilga.gov/Legislation/BillStatus?DocNum=838&GAID=18&DocTypeID=HR&LegId=168359&SessionID=114
HR838,statutes (citations),both_missing,,https://ilga.gov/Legislation/BillStatus?DocNum=838&GAID=18&DocTypeID=HR&LegId=168359&SessionID=114
HR838,sponsors,match,1 names,https://ilga.gov/Legislation/BillStatus?DocNum=838&GAID=18&DocTypeID=HR&LegId=168359&SessionID=114
HR838,chief sponsor,match,ilga.gov chiefs: {'house': 'Bob Morgan'},https://ilga.gov/Legislation/BillStatus?DocNum=838&GAID=18&DocTypeID=HR&LegId=168359&SessionID=114
HR838,action count,match,ours 3 vs ilga.gov 3,https://ilga.gov/Legislation/BillStatus?DocNum=838&GAID=18&DocTypeID=HR&LegId=168359&SessionID=114
HR838,latest action,match,ours 2026-05-05 'Resolution Adopted' vs ilga.gov 2026-05-05 'Resolution Adopted',https://ilga.gov/Legislation/BillStatus?DocNum=838&GAID=18&DocTypeID=HR&LegId=168359&SessionID=114
HR906,title,match,'SUPPORTS-ANTIFRAUD EFFORTS' vs 'SUPPORTS-ANTIFRAUD EFFORTS',https://ilga.gov/Legislation/BillStatus?DocNum=906&GAID=18&DocTypeID=HR&LegId=168549&SessionID=114
HR906,synopsis (abstracts),ours_missing,"Expresses support for ongoing federal efforts to eliminate fraud, waste, abuse, and corruption in government spending. C",https://ilga.gov/Legislation/BillStatus?DocNum=906&GAID=18&DocTypeID=HR&LegId=168549&SessionID=114
HR906,statutes (citations),both_missing,,https://ilga.gov/Legislation/BillStatus?DocNum=906&GAID=18&DocTypeID=HR&LegId=168549&SessionID=114
HR906,sponsors,match,7 names,https://ilga.gov/Legislation/BillStatus?DocNum=906&GAID=18&DocTypeID=HR&LegId=168549&SessionID=114
HR906,chief sponsor,match,ilga.gov chiefs: {'house': 'Chris Miller'},https://ilga.gov/Legislation/BillStatus?DocNum=906&GAID=18&DocTypeID=HR&LegId=168549&SessionID=114
HR906,action count,match,ours 8 vs ilga.gov 8,https://ilga.gov/Legislation/BillStatus?DocNum=906&GAID=18&DocTypeID=HR&LegId=168549&SessionID=114
HR906,latest action,match,ours 2026-05-18 'Added Co-Sponsor Rep. Jed Davis' vs ilga.gov 2026-05-18 'Added Co-Sponsor Rep. Jed Davis',https://ilga.gov/Legislation/BillStatus?DocNum=906&GAID=18&DocTypeID=HR&LegId=168549&SessionID=114
HR843,title,match,'WORKERS MEMORIAL DAY' vs 'WORKERS MEMORIAL DAY',https://ilga.gov/Legislation/BillStatus?DocNum=843&GAID=18&DocTypeID=HR&LegId=168372&SessionID=114
HR843,synopsis (abstracts),ours_missing,"Declares April 28, 2026 as Workers Memorial Day in the State of Illinois. Mourns those lost to unsafe working conditions",https://ilga.gov/Legislation/BillStatus?DocNum=843&GAID=18&DocTypeID=HR&LegId=168372&SessionID=114
HR843,statutes (citations),both_missing,,https://ilga.gov/Legislation/BillStatus?DocNum=843&GAID=18&DocTypeID=HR&LegId=168372&SessionID=114
HR843,sponsors,match,3 names,https://ilga.gov/Legislation/BillStatus?DocNum=843&GAID=18&DocTypeID=HR&LegId=168372&SessionID=114
HR843,chief sponsor,match,"ilga.gov chiefs: {'house': 'Marcus C. Evans, Jr.'}",https://ilga.gov/Legislation/BillStatus?DocNum=843&GAID=18&DocTypeID=HR&LegId=168372&SessionID=114
HR843,action count,match,ours 8 vs ilga.gov 8,https://ilga.gov/Legislation/BillStatus?DocNum=843&GAID=18&DocTypeID=HR&LegId=168372&SessionID=114
HR843,latest action,match,ours 2026-05-30 'Resolution Adopted' vs ilga.gov 2026-05-30 'Resolution Adopted',https://ilga.gov/Legislation/BillStatus?DocNum=843&GAID=18&DocTypeID=HR&LegId=168372&SessionID=114
HR975,title,match,'CONGRATS-GRAND PRAIRIE FRIENDS' vs 'CONGRATS-GRAND PRAIRIE FRIENDS',https://ilga.gov/Legislation/BillStatus?DocNum=975&GAID=18&DocTypeID=HR&LegId=168747&SessionID=114
HR975,synopsis (abstracts),ours_missing,Congratulates Grand Prairie Friends on the 50th anniversary of Prospect Cemetery Prairie Nature Preserve. Commends its o,https://ilga.gov/Legislation/BillStatus?DocNum=975&GAID=18&DocTypeID=HR&LegId=168747&SessionID=114
HR975,statutes (citations),both_missing,,https://ilga.gov/Legislation/BillStatus?DocNum=975&GAID=18&DocTypeID=HR&LegId=168747&SessionID=114
HR975,sponsors,match,1 names,https://ilga.gov/Legislation/BillStatus?DocNum=975&GAID=18&DocTypeID=HR&LegId=168747&SessionID=114
HR975,chief sponsor,match,ilga.gov chiefs: {'house': 'Jason R. Bunting'},https://ilga.gov/Legislation/BillStatus?DocNum=975&GAID=18&DocTypeID=HR&LegId=168747&SessionID=114
HR975,action count,match,ours 1 vs ilga.gov 1,https://ilga.gov/Legislation/BillStatus?DocNum=975&GAID=18&DocTypeID=HR&LegId=168747&SessionID=114
HR975,latest action,match,ours 2026-06-04 'Filed with the Clerk by Rep. Jason R. Bunting' vs ilga.gov 2026-06-04 'Filed with the Clerk by Rep. Jason R. Bunting',https://ilga.gov/Legislation/BillStatus?DocNum=975&GAID=18&DocTypeID=HR&LegId=168747&SessionID=114
HR112,title,match,'NO TAXES ON RETIREMENT INCOME' vs 'NO TAXES ON RETIREMENT INCOME',https://ilga.gov/Legislation/BillStatus?DocNum=112&GAID=18&DocTypeID=HR&LegId=160875&SessionID=114
HR112,synopsis (abstracts),ours_missing,States the belief that the Illinois Income Tax Act should not be amended to permit taxing retirement income.,https://ilga.gov/Legislation/BillStatus?DocNum=112&GAID=18&DocTypeID=HR&LegId=160875&SessionID=114
HR112,statutes (citations),both_missing,,https://ilga.gov/Legislation/BillStatus?DocNum=112&GAID=18&DocTypeID=HR&LegId=160875&SessionID=114
HR112,sponsors,differs,only ours: ['dan ugaste']; only ilga.gov: ['daniel ugaste'],https://ilga.gov/Legislation/BillStatus?DocNum=112&GAID=18&DocTypeID=HR&LegId=160875&SessionID=114
HR112,chief sponsor,match,ilga.gov chiefs: {'house': 'Tony M. McCombie'},https://ilga.gov/Legislation/BillStatus?DocNum=112&GAID=18&DocTypeID=HR&LegId=160875&SessionID=114
HR112,action count,match,ours 30 vs ilga.gov 30,https://ilga.gov/Legislation/BillStatus?DocNum=112&GAID=18&DocTypeID=HR&LegId=160875&SessionID=114
HR112,latest action,match,ours 2026-08-06 'Added Co-Sponsor Rep. Regan Deering' vs ilga.gov 2026-08-06 'Added Co-Sponsor Rep. Regan Deering',https://ilga.gov/Legislation/BillStatus?DocNum=112&GAID=18&DocTypeID=HR&LegId=160875&SessionID=114
SB4,title,match,'HOUSING-TECH' vs 'HOUSING-TECH',https://ilga.gov/Legislation/BillStatus?DocNum=4&GAID=18&DocTypeID=SB&LegId=157094&SessionID=114
SB4,synopsis (abstracts),ours_missing,Amends the State Housing Act. Makes a technical change in a Section concerning the short title.,https://ilga.gov/Legislation/BillStatus?DocNum=4&GAID=18&DocTypeID=SB&LegId=157094&SessionID=114
SB4,statutes (citations),ours_missing,310 ILCS 5/1,https://ilga.gov/Legislation/BillStatus?DocNum=4&GAID=18&DocTypeID=SB&LegId=157094&SessionID=114
SB4,sponsors,match,1 names,https://ilga.gov/Legislation/BillStatus?DocNum=4&GAID=18&DocTypeID=SB&LegId=157094&SessionID=114
SB4,chief sponsor,match,ilga.gov chiefs: {'senate': 'Don Harmon'},https://ilga.gov/Legislation/BillStatus?DocNum=4&GAID=18&DocTypeID=SB&LegId=157094&SessionID=114
SB4,action count,match,ours 3 vs ilga.gov 3,https://ilga.gov/Legislation/BillStatus?DocNum=4&GAID=18&DocTypeID=SB&LegId=157094&SessionID=114
SB4,latest action,match,ours 2025-01-13 'Referred to Assignments' vs ilga.gov 2025-01-13 'Referred to Assignments',https://ilga.gov/Legislation/BillStatus?DocNum=4&GAID=18&DocTypeID=SB&LegId=157094&SessionID=114
SB266,title,match,'CRIM CD-VIOL ORDERS OF PROTECT' vs 'CRIM CD-VIOL ORDERS OF PROTECT',https://ilga.gov/Legislation/BillStatus?DocNum=266&GAID=18&DocTypeID=SB&LegId=157711&SessionID=114
SB266,synopsis (abstracts),ours_missing,Amends the Criminal Code of 2012. Provides that violation of an order of protection is a Class 4 felony if the defendant,https://ilga.gov/Legislation/BillStatus?DocNum=266&GAID=18&DocTypeID=SB&LegId=157711&SessionID=114
SB266,statutes (citations),ours_missing,720 ILCS 5/12-3.4; 720 ILCS 5/12-3.8; 720 ILCS 5/12-3.9,https://ilga.gov/Legislation/BillStatus?DocNum=266&GAID=18&DocTypeID=SB&LegId=157711&SessionID=114
SB266,sponsors,match,1 names,https://ilga.gov/Legislation/BillStatus?DocNum=266&GAID=18&DocTypeID=SB&LegId=157711&SessionID=114
SB266,chief sponsor,match,ilga.gov chiefs: {'senate': 'John F. Curran'},https://ilga.gov/Legislation/BillStatus?DocNum=266&GAID=18&DocTypeID=SB&LegId=157711&SessionID=114
SB266,action count,match,ours 3 vs ilga.gov 3,https://ilga.gov/Legislation/BillStatus?DocNum=266&GAID=18&DocTypeID=SB&LegId=157711&SessionID=114
SB266,latest action,match,ours 2025-01-24 'Referred to Assignments' vs ilga.gov 2025-01-24 'Referred to Assignments',https://ilga.gov/Legislation/BillStatus?DocNum=266&GAID=18&DocTypeID=SB&LegId=157711&SessionID=114
SB1542,title,match,'DOIT-POWERS AND DUTIES' vs 'DOIT-POWERS AND DUTIES',https://ilga.gov/Legislation/BillStatus?DocNum=1542&GAID=18&DocTypeID=SB&LegId=160230&SessionID=114
SB1542,synopsis (abstracts),ours_missing,"Amends the Department of Innovation and Technology Act. Repeals the definition of ""client agency"" and makes changes in t",https://ilga.gov/Legislation/BillStatus?DocNum=1542&GAID=18&DocTypeID=SB&LegId=160230&SessionID=114
SB1542,statutes (citations),ours_missing,20 ILCS 1370/1-5; 20 ILCS 1370/1-10; 20 ILCS 1370/1-15,https://ilga.gov/Legislation/BillStatus?DocNum=1542&GAID=18&DocTypeID=SB&LegId=160230&SessionID=114
SB1542,sponsors,match,1 names,https://ilga.gov/Legislation/BillStatus?DocNum=1542&GAID=18&DocTypeID=SB&LegId=160230&SessionID=114
SB1542,chief sponsor,match,ilga.gov chiefs: {'senate': 'Ram Villivalam'},https://ilga.gov/Legislation/BillStatus?DocNum=1542&GAID=18&DocTypeID=SB&LegId=160230&SessionID=114
SB1542,action count,match,ours 3 vs ilga.gov 3,https://ilga.gov/Legislation/BillStatus?DocNum=1542&GAID=18&DocTypeID=SB&LegId=160230&SessionID=114
SB1542,latest action,match,ours 2025-02-04 'Referred to Assignments' vs ilga.gov 2025-02-04 'Referred to Assignments',https://ilga.gov/Legislation/BillStatus?DocNum=1542&GAID=18&DocTypeID=SB&LegId=160230&SessionID=114
SB1842,title,match,'MUNI-PART-TIME POLICE OFFICERS' vs 'MUNI-PART-TIME POLICE OFFICERS',https://ilga.gov/Legislation/BillStatus?DocNum=1842&GAID=18&DocTypeID=SB&LegId=160998&SessionID=114
SB1842,synopsis (abstracts),ours_missing,Amends the Illinois Municipal Code. Provides that part-time police officers shall not be assigned to supervise or direct,https://ilga.gov/Legislation/BillStatus?DocNum=1842&GAID=18&DocTypeID=SB&LegId=160998&SessionID=114
SB1842,statutes (citations),ours_missing,65 ILCS 5/3.1-30-21,https://ilga.gov/Legislation/BillStatus?DocNum=1842&GAID=18&DocTypeID=SB&LegId=160998&SessionID=114
SB1842,sponsors,match,1 names,https://ilga.gov/Legislation/BillStatus?DocNum=1842&GAID=18&DocTypeID=SB&LegId=160998&SessionID=114
SB1842,chief sponsor,match,ilga.gov chiefs: {'senate': 'Chapin Rose'},https://ilga.gov/Legislation/BillStatus?DocNum=1842&GAID=18&DocTypeID=SB&LegId=160998&SessionID=114
SB1842,action count,match,ours 3 vs ilga.gov 3,https://ilga.gov/Legislation/BillStatus?DocNum=1842&GAID=18&DocTypeID=SB&LegId=160998&SessionID=114
SB1842,latest action,match,ours 2025-02-06 'Referred to Assignments' vs ilga.gov 2025-02-06 'Referred to Assignments',https://ilga.gov/Legislation/BillStatus?DocNum=1842&GAID=18&DocTypeID=SB&LegId=160998&SessionID=114
SB2110,title,match,'PAPER WASTE REDUCTION' vs 'PAPER WASTE REDUCTION',https://ilga.gov/Legislation/BillStatus?DocNum=2110&GAID=18&DocTypeID=SB&LegId=161643&SessionID=114
SB2110,synopsis (abstracts),ours_missing,"Creates the Paper Waste Reduction Act. Sets forth limits on the amount of junk mail a for-profit corporation, associatio",https://ilga.gov/Legislation/BillStatus?DocNum=2110&GAID=18&DocTypeID=SB&LegId=161643&SessionID=114
SB2110,statutes (citations),ours_missing,815 ILCS 505/2HHHH new,https://ilga.gov/Legislation/BillStatus?DocNum=2110&GAID=18&DocTypeID=SB&LegId=161643&SessionID=114
SB2110,sponsors,match,1 names,https://ilga.gov/Legislation/BillStatus?DocNum=2110&GAID=18&DocTypeID=SB&LegId=161643&SessionID=114
SB2110,chief sponsor,match,ilga.gov chiefs: {'senate': 'Mike Simmons'},https://ilga.gov/Legislation/BillStatus?DocNum=2110&GAID=18&DocTypeID=SB&LegId=161643&SessionID=114
SB2110,action count,match,ours 3 vs ilga.gov 3,https://ilga.gov/Legislation/BillStatus?DocNum=2110&GAID=18&DocTypeID=SB&LegId=161643&SessionID=114
SB2110,latest action,match,ours 2025-02-07 'Referred to Assignments' vs ilga.gov 2025-02-07 'Referred to Assignments',https://ilga.gov/Legislation/BillStatus?DocNum=2110&GAID=18&DocTypeID=SB&LegId=161643&SessionID=114
SB2209,title,match,'PONTIAC CORRECTIONAL RESTORE' vs 'PONTIAC CORRECTIONAL RESTORE',https://ilga.gov/Legislation/BillStatus?DocNum=2209&GAID=18&DocTypeID=SB&LegId=161939&SessionID=114
SB2209,synopsis (abstracts),ours_missing,"Amends the Unified Code of Corrections. Provides that the Department of Corrections shall restore, within 18 months afte",https://ilga.gov/Legislation/BillStatus?DocNum=2209&GAID=18&DocTypeID=SB&LegId=161939&SessionID=114
SB2209,statutes (citations),ours_missing,730 ILCS 5/3-2-2,https://ilga.gov/Legislation/BillStatus?DocNum=2209&GAID=18&DocTypeID=SB&LegId=161939&SessionID=114
SB2209,sponsors,match,1 names,https://ilga.gov/Legislation/BillStatus?DocNum=2209&GAID=18&DocTypeID=SB&LegId=161939&SessionID=114
SB2209,chief sponsor,match,ilga.gov chiefs: {'senate': 'Chris Balkema'},https://ilga.gov/Legislation/BillStatus?DocNum=2209&GAID=18&DocTypeID=SB&LegId=161939&SessionID=114
SB2209,action count,match,ours 3 vs ilga.gov 3,https://ilga.gov/Legislation/BillStatus?DocNum=2209&GAID=18&DocTypeID=SB&LegId=161939&SessionID=114
SB2209,latest action,match,ours 2025-02-07 'Referred to Assignments' vs ilga.gov 2025-02-07 'Referred to Assignments',https://ilga.gov/Legislation/BillStatus?DocNum=2209&GAID=18&DocTypeID=SB&LegId=161939&SessionID=114
SB2498,title,match,'INS-PUBLIC ADJUSTER BOARD' vs 'INS-PUBLIC ADJUSTER BOARD',https://ilga.gov/Legislation/BillStatus?DocNum=2498&GAID=18&DocTypeID=SB&LegId=162672&SessionID=114
SB2498,synopsis (abstracts),ours_missing,Amends the Department of Insurance Law of the Civil Administrative Code of Illinois. Creates the Public Adjuster Advisor,https://ilga.gov/Legislation/BillStatus?DocNum=2498&GAID=18&DocTypeID=SB&LegId=162672&SessionID=114
SB2498,statutes (citations),both_missing,,https://ilga.gov/Legislation/BillStatus?DocNum=2498&GAID=18&DocTypeID=SB&LegId=162672&SessionID=114
SB2498,sponsors,match,1 names,https://ilga.gov/Legislation/BillStatus?DocNum=2498&GAID=18&DocTypeID=SB&LegId=162672&SessionID=114
SB2498,chief sponsor,match,ilga.gov chiefs: {'senate': 'Bill Cunningham'},https://ilga.gov/Legislation/BillStatus?DocNum=2498&GAID=18&DocTypeID=SB&LegId=162672&SessionID=114
SB2498,action count,match,ours 3 vs ilga.gov 3,https://ilga.gov/Legislation/BillStatus?DocNum=2498&GAID=18&DocTypeID=SB&LegId=162672&SessionID=114
SB2498,latest action,match,ours 2025-02-07 'Referred to Assignments' vs ilga.gov 2025-02-07 'Referred to Assignments',https://ilga.gov/Legislation/BillStatus?DocNum=2498&GAID=18&DocTypeID=SB&LegId=162672&SessionID=114
SB2049,title,match,'WILDLIFE CD-HUNTING YEAR-RND' vs 'WILDLIFE CD-HUNTING YEAR-RND',https://ilga.gov/Legislation/BillStatus?DocNum=2049&GAID=18&DocTypeID=SB&LegId=161478&SessionID=114
SB2049,synopsis (abstracts),ours_missing,"Amends the Wildlife Code. Allows owners residing on, or bona fide tenants of, farm lands and their children, parents, br",https://ilga.gov/Legislation/BillStatus?DocNum=2049&GAID=18&DocTypeID=SB&LegId=161478&SessionID=114
SB2049,statutes (citations),ours_missing,520 ILCS 5/3.1,https://ilga.gov/Legislation/BillStatus?DocNum=2049&GAID=18&DocTypeID=SB&LegId=161478&SessionID=114
SB2049,sponsors,match,4 names,https://ilga.gov/Legislation/BillStatus?DocNum=2049&GAID=18&DocTypeID=SB&LegId=161478&SessionID=114
SB2049,chief sponsor,match,ilga.gov chiefs: {'senate': 'Neil Anderson'},https://ilga.gov/Legislation/BillStatus?DocNum=2049&GAID=18&DocTypeID=SB&LegId=161478&SessionID=114
SB2049,action count,match,ours 6 vs ilga.gov 6,https://ilga.gov/Legislation/BillStatus?DocNum=2049&GAID=18&DocTypeID=SB&LegId=161478&SessionID=114
SB2049,latest action,match,ours 2025-02-19 'Added as Co-Sponsor Sen. Terri Bryant' vs ilga.gov 2025-02-19 'Added as Co-Sponsor Sen. Terri Bryant',https://ilga.gov/Legislation/BillStatus?DocNum=2049&GAID=18&DocTypeID=SB&LegId=161478&SessionID=114
SB2572,title,match,'$LIQUOR CONTROL COMMISSION' vs '$LIQUOR CONTROL COMMISSION',https://ilga.gov/Legislation/BillStatus?DocNum=2572&GAID=18&DocTypeID=SB&LegId=162968&SessionID=114
SB2572,synopsis (abstracts),ours_missing,Makes appropriations for the ordinary and contingent expenses of the Liquor Control Commission for the fiscal year begin,https://ilga.gov/Legislation/BillStatus?DocNum=2572&GAID=18&DocTypeID=SB&LegId=162968&SessionID=114
SB2572,statutes (citations),both_missing,,https://ilga.gov/Legislation/BillStatus?DocNum=2572&GAID=18&DocTypeID=SB&LegId=162968&SessionID=114
SB2572,sponsors,match,1 names,https://ilga.gov/Legislation/BillStatus?DocNum=2572&GAID=18&DocTypeID=SB&LegId=162968&SessionID=114
SB2572,chief sponsor,match,"ilga.gov chiefs: {'senate': 'Elgie R. Sims, Jr.'}",https://ilga.gov/Legislation/BillStatus?DocNum=2572&GAID=18&DocTypeID=SB&LegId=162968&SessionID=114
SB2572,action count,match,ours 3 vs ilga.gov 3,https://ilga.gov/Legislation/BillStatus?DocNum=2572&GAID=18&DocTypeID=SB&LegId=162968&SessionID=114
SB2572,latest action,match,ours 2025-02-25 'Referred to Assignments' vs ilga.gov 2025-02-25 'Referred to Assignments',https://ilga.gov/Legislation/BillStatus?DocNum=2572&GAID=18&DocTypeID=SB&LegId=162968&SessionID=114
SB2631,title,match,'$STATE APPELLATE DEFENDER' vs '$STATE APPELLATE DEFENDER',https://ilga.gov/Legislation/BillStatus?DocNum=2631&GAID=18&DocTypeID=SB&LegId=163181&SessionID=114
SB2631,synopsis (abstracts),ours_missing,"Appropriates $38,275,200 from the General Revenue Fund to the Office of the State Appellate Defender for its ordinary an",https://ilga.gov/Legislation/BillStatus?DocNum=2631&GAID=18&DocTypeID=SB&LegId=163181&SessionID=114
SB2631,statutes (citations),both_missing,,https://ilga.gov/Legislation/BillStatus?DocNum=2631&GAID=18&DocTypeID=SB&LegId=163181&SessionID=114
SB2631,sponsors,match,1 names,https://ilga.gov/Legislation/BillStatus?DocNum=2631&GAID=18&DocTypeID=SB&LegId=163181&SessionID=114
SB2631,chief sponsor,match,"ilga.gov chiefs: {'senate': 'Elgie R. Sims, Jr.'}",https://ilga.gov/Legislation/BillStatus?DocNum=2631&GAID=18&DocTypeID=SB&LegId=163181&SessionID=114
SB2631,action count,match,ours 3 vs ilga.gov 3,https://ilga.gov/Legislation/BillStatus?DocNum=2631&GAID=18&DocTypeID=SB&LegId=163181&SessionID=114
SB2631,latest action,match,ours 2025-03-06 'Referred to Assignments' vs ilga.gov 2025-03-06 'Referred to Assignments',https://ilga.gov/Legislation/BillStatus?DocNum=2631&GAID=18&DocTypeID=SB&LegId=163181&SessionID=114
SB1894,title,match,'PEN CD-SURS-SURVIVORS BENEFITS' vs 'PEN CD-SURS-SURVIVORS BENEFITS',https://ilga.gov/Legislation/BillStatus?DocNum=1894&GAID=18&DocTypeID=SB&LegId=161177&SessionID=114
SB1894,synopsis (abstracts),ours_missing,Amends the State Universities Article of the Illinois Pension Code. Provides that a survivors insurance beneficiary or t,https://ilga.gov/Legislation/BillStatus?DocNum=1894&GAID=18&DocTypeID=SB&LegId=161177&SessionID=114
SB1894,statutes (citations),ours_missing,40 ILCS 5/15-148,https://ilga.gov/Legislation/BillStatus?DocNum=1894&GAID=18&DocTypeID=SB&LegId=161177&SessionID=114
SB1894,sponsors,match,1 names,https://ilga.gov/Legislation/BillStatus?DocNum=1894&GAID=18&DocTypeID=SB&LegId=161177&SessionID=114
SB1894,chief sponsor,match,ilga.gov chiefs: {'senate': 'Robert F. Martwick'},https://ilga.gov/Legislation/BillStatus?DocNum=1894&GAID=18&DocTypeID=SB&LegId=161177&SessionID=114
SB1894,action count,match,ours 5 vs ilga.gov 5,https://ilga.gov/Legislation/BillStatus?DocNum=1894&GAID=18&DocTypeID=SB&LegId=161177&SessionID=114
SB1894,latest action,match,ours 2025-03-21 'Rule 3-9(a) / Re-referred to Assignments' vs ilga.gov 2025-03-21 'Rule 3-9(a) / Re-referred to Assignments',https://ilga.gov/Legislation/BillStatus?DocNum=1894&GAID=18&DocTypeID=SB&LegId=161177&SessionID=114
SB98,title,match,'SCH CD-EXPEL STU-SEX VIOLENCE' vs 'SCH CD-EXPEL STU-SEX VIOLENCE',https://ilga.gov/Legislation/BillStatus?DocNum=98&GAID=18&DocTypeID=SB&LegId=157217&SessionID=114
SB98,synopsis (abstracts),ours_missing,"Amends the School Code. In provisions concerning a school board's suspension or expulsion of pupils, provides that a stu",https://ilga.gov/Legislation/BillStatus?DocNum=98&GAID=18&DocTypeID=SB&LegId=157217&SessionID=114
SB98,statutes (citations),ours_missing,105 ILCS 5/10-22.6,https://ilga.gov/Legislation/BillStatus?DocNum=98&GAID=18&DocTypeID=SB&LegId=157217&SessionID=114
SB98,sponsors,match,34 names,https://ilga.gov/Legislation/BillStatus?DocNum=98&GAID=18&DocTypeID=SB&LegId=157217&SessionID=114
SB98,chief sponsor,match,ilga.gov chiefs: {'senate': 'Steve McClure'},https://ilga.gov/Legislation/BillStatus?DocNum=98&GAID=18&DocTypeID=SB&LegId=157217&SessionID=114
SB98,action count,match,ours 36 vs ilga.gov 36,https://ilga.gov/Legislation/BillStatus?DocNum=98&GAID=18&DocTypeID=SB&LegId=157217&SessionID=114
SB98,latest action,match,ours 2025-04-04 'Added as Co-Sponsor Sen. Meg Loughran Cappel' vs ilga.gov 2025-04-04 'Added as Co-Sponsor Sen. Meg Loughran Cappel',https://ilga.gov/Legislation/BillStatus?DocNum=98&GAID=18&DocTypeID=SB&LegId=157217&SessionID=114
SB1030,title,match,'GOVERNMENT-TECH' vs 'GOVERNMENT-TECH',https://ilga.gov/Legislation/BillStatus?DocNum=1030&GAID=18&DocTypeID=SB&LegId=158812&SessionID=114
SB1030,synopsis (abstracts),ours_missing,Amends the State Records Act. Makes a technical change in a Section concerning the short title.,https://ilga.gov/Legislation/BillStatus?DocNum=1030&GAID=18&DocTypeID=SB&LegId=158812&SessionID=114
SB1030,statutes (citations),ours_missing,5 ILCS 160/1,https://ilga.gov/Legislation/BillStatus?DocNum=1030&GAID=18&DocTypeID=SB&LegId=158812&SessionID=114
SB1030,sponsors,match,1 names,https://ilga.gov/Legislation/BillStatus?DocNum=1030&GAID=18&DocTypeID=SB&LegId=158812&SessionID=114
SB1030,chief sponsor,match,ilga.gov chiefs: {'senate': 'John F. Curran'},https://ilga.gov/Legislation/BillStatus?DocNum=1030&GAID=18&DocTypeID=SB&LegId=158812&SessionID=114
SB1030,action count,match,ours 9 vs ilga.gov 9,https://ilga.gov/Legislation/BillStatus?DocNum=1030&GAID=18&DocTypeID=SB&LegId=158812&SessionID=114
SB1030,latest action,match,ours 2025-04-11 'Rule 3-9(a) / Re-referred to Assignments' vs ilga.gov 2025-04-11 'Rule 3-9(a) / Re-referred to Assignments',https://ilga.gov/Legislation/BillStatus?DocNum=1030&GAID=18&DocTypeID=SB&LegId=158812&SessionID=114
SB1073,title,match,'REGULATION-TECH' vs 'REGULATION-TECH',https://ilga.gov/Legislation/BillStatus?DocNum=1073&GAID=18&DocTypeID=SB&LegId=158866&SessionID=114
SB1073,synopsis (abstracts),ours_missing,Amends the Corporate Fiduciary Act. Makes a technical change in the Section concerning the short title of the Act.,https://ilga.gov/Legislation/BillStatus?DocNum=1073&GAID=18&DocTypeID=SB&LegId=158866&SessionID=114
SB1073,statutes (citations),ours_missing,205 ILCS 620/1-1,https://ilga.gov/Legislation/BillStatus?DocNum=1073&GAID=18&DocTypeID=SB&LegId=158866&SessionID=114
SB1073,sponsors,match,1 names,https://ilga.gov/Legislation/BillStatus?DocNum=1073&GAID=18&DocTypeID=SB&LegId=158866&SessionID=114
SB1073,chief sponsor,match,ilga.gov chiefs: {'senate': 'John F. Curran'},https://ilga.gov/Legislation/BillStatus?DocNum=1073&GAID=18&DocTypeID=SB&LegId=158866&SessionID=114
SB1073,action count,match,ours 9 vs ilga.gov 9,https://ilga.gov/Legislation/BillStatus?DocNum=1073&GAID=18&DocTypeID=SB&LegId=158866&SessionID=114
SB1073,latest action,match,ours 2025-04-11 'Rule 3-9(a) / Re-referred to Assignments' vs ilga.gov 2025-04-11 'Rule 3-9(a) / Re-referred to Assignments',https://ilga.gov/Legislation/BillStatus?DocNum=1073&GAID=18&DocTypeID=SB&LegId=158866&SessionID=114
SB1247,title,match,'VEH CD-VOLUN FIREFIGHTER PLATE' vs 'VEH CD-VOLUN FIREFIGHTER PLATE',https://ilga.gov/Legislation/BillStatus?DocNum=1247&GAID=18&DocTypeID=SB&LegId=159069&SessionID=114
SB1247,synopsis (abstracts),ours_missing,Amends the Illinois Vehicle Code. Provides that the Secretary of State may issue special registration plates to voluntee,https://ilga.gov/Legislation/BillStatus?DocNum=1247&GAID=18&DocTypeID=SB&LegId=159069&SessionID=114
SB1247,statutes (citations),both_missing,,https://ilga.gov/Legislation/BillStatus?DocNum=1247&GAID=18&DocTypeID=SB&LegId=159069&SessionID=114
SB1247,sponsors,match,1 names,https://ilga.gov/Legislation/BillStatus?DocNum=1247&GAID=18&DocTypeID=SB&LegId=159069&SessionID=114
SB1247,chief sponsor,match,ilga.gov chiefs: {'senate': 'Sue Rezin'},https://ilga.gov/Legislation/BillStatus?DocNum=1247&GAID=18&DocTypeID=SB&LegId=159069&SessionID=114
SB1247,action count,match,ours 14 vs ilga.gov 14,https://ilga.gov/Legislation/BillStatus?DocNum=1247&GAID=18&DocTypeID=SB&LegId=159069&SessionID=114
SB1247,latest action,match,ours 2025-04-11 'Senate Committee Amendment No. 1 Rule 3-9(a) / Re-referred to Assignments' vs ilga.gov 2025-04-11 'Senate Committee Amendment No. 1 Rule 3-9(a) / Re-referred to Assignments',https://ilga.gov/Legislation/BillStatus?DocNum=1247&GAID=18&DocTypeID=SB&LegId=159069&SessionID=114
SB1948,title,match,'VEH CD-WEIGHT LIMIT EXEMPTION' vs 'VEH CD-WEIGHT LIMIT EXEMPTION',https://ilga.gov/Legislation/BillStatus?DocNum=1948&GAID=18&DocTypeID=SB&LegId=161296&SessionID=114
SB1948,synopsis (abstracts),ours_missing,Amends the Illinois Vehicle Code. Provides that a vehicle or combination of vehicles operated by an engine fueled wholly,https://ilga.gov/Legislation/BillStatus?DocNum=1948&GAID=18&DocTypeID=SB&LegId=161296&SessionID=114
SB1948,statutes (citations),ours_missing,625 ILCS 5/15-111,https://ilga.gov/Legislation/BillStatus?DocNum=1948&GAID=18&DocTypeID=SB&LegId=161296&SessionID=114
SB1948,sponsors,match,1 names,https://ilga.gov/Legislation/BillStatus?DocNum=1948&GAID=18&DocTypeID=SB&LegId=161296&SessionID=114
SB1948,chief sponsor,match,ilga.gov chiefs: {'senate': 'Meg Loughran Cappel'},https://ilga.gov/Legislation/BillStatus?DocNum=1948&GAID=18&DocTypeID=SB&LegId=161296&SessionID=114
SB1948,action count,match,ours 8 vs ilga.gov 8,https://ilga.gov/Legislation/BillStatus?DocNum=1948&GAID=18&DocTypeID=SB&LegId=161296&SessionID=114
SB1948,latest action,match,ours 2025-04-11 'Rule 3-9(a) / Re-referred to Assignments' vs ilga.gov 2025-04-11 'Rule 3-9(a) / Re-referred to Assignments',https://ilga.gov/Legislation/BillStatus?DocNum=1948&GAID=18&DocTypeID=SB&LegId=161296&SessionID=114
SB2322,title,match,'IEMA-OHS UPDATES' vs 'IEMA-OHS UPDATES',https://ilga.gov/Legislation/BillStatus?DocNum=2322&GAID=18&DocTypeID=SB&LegId=162173&SessionID=114
SB2322,synopsis (abstracts),ours_missing,Amends the Illinois Emergency Management Agency Act. Changes the name of the Act to the IEMA-OHS Act. Makes conforming c,https://ilga.gov/Legislation/BillStatus?DocNum=2322&GAID=18&DocTypeID=SB&LegId=162173&SessionID=114
SB2322,statutes (citations),ours_missing,20 ILCS 3305/1; 20 ILCS 3305/2; 20 ILCS 3305/4,https://ilga.gov/Legislation/BillStatus?DocNum=2322&GAID=18&DocTypeID=SB&LegId=162173&SessionID=114
SB2322,sponsors,match,1 names,https://ilga.gov/Legislation/BillStatus?DocNum=2322&GAID=18&DocTypeID=SB&LegId=162173&SessionID=114
SB2322,chief sponsor,match,ilga.gov chiefs: {'senate': 'Mike Porfirio'},https://ilga.gov/Legislation/BillStatus?DocNum=2322&GAID=18&DocTypeID=SB&LegId=162173&SessionID=114
SB2322,action count,match,ours 17 vs ilga.gov 17,https://ilga.gov/Legislation/BillStatus?DocNum=2322&GAID=18&DocTypeID=SB&LegId=162173&SessionID=114
SB2322,latest action,match,ours 2025-04-11 'Rule 3-9(a) / Re-referred to Assignments' vs ilga.gov 2025-04-11 'Rule 3-9(a) / Re-referred to Assignments',https://ilga.gov/Legislation/BillStatus?DocNum=2322&GAID=18&DocTypeID=SB&LegId=162173&SessionID=114
SB364,title,match,'COURTS-TECH' vs 'COURTS-TECH',https://ilga.gov/Legislation/BillStatus?DocNum=364&GAID=18&DocTypeID=SB&LegId=157894&SessionID=114
SB364,synopsis (abstracts),ours_missing,Amends the Criminal and Traffic Assessment Act. Makes a technical change in a Section concerning the short title.,https://ilga.gov/Legislation/BillStatus?DocNum=364&GAID=18&DocTypeID=SB&LegId=157894&SessionID=114
SB364,statutes (citations),ours_missing,705 ILCS 135/1-1,https://ilga.gov/Legislation/BillStatus?DocNum=364&GAID=18&DocTypeID=SB&LegId=157894&SessionID=114
SB364,sponsors,match,1 names,https://ilga.gov/Legislation/BillStatus?DocNum=364&GAID=18&DocTypeID=SB&LegId=157894&SessionID=114
SB364,chief sponsor,match,ilga.gov chiefs: {'senate': 'Don Harmon'},https://ilga.gov/Legislation/BillStatus?DocNum=364&GAID=18&DocTypeID=SB&LegId=157894&SessionID=114
SB364,action count,match,ours 9 vs ilga.gov 9,https://ilga.gov/Legislation/BillStatus?DocNum=364&GAID=18&DocTypeID=SB&LegId=157894&SessionID=114
SB364,latest action,match,ours 2025-04-11 'Rule 3-9(a) / Re-referred to Assignments' vs ilga.gov 2025-04-11 'Rule 3-9(a) / Re-referred to Assignments',https://ilga.gov/Legislation/BillStatus?DocNum=364&GAID=18&DocTypeID=SB&LegId=157894&SessionID=114
SB392,title,match,'ECONOMIC DEVELOPMENT-TECH' vs 'ECONOMIC DEVELOPMENT-TECH',https://ilga.gov/Legislation/BillStatus?DocNum=392&GAID=18&DocTypeID=SB&LegId=157960&SessionID=114
SB392,synopsis (abstracts),ours_missing,Creates the Economic Development Act. Contains only a short title provision.,https://ilga.gov/Legislation/BillStatus?DocNum=392&GAID=18&DocTypeID=SB&LegId=157960&SessionID=114
SB392,statutes (citations),both_missing,,https://ilga.gov/Legislation/BillStatus?DocNum=392&GAID=18&DocTypeID=SB&LegId=157960&SessionID=114
SB392,sponsors,match,1 names,https://ilga.gov/Legislation/BillStatus?DocNum=392&GAID=18&DocTypeID=SB&LegId=157960&SessionID=114
SB392,chief sponsor,match,ilga.gov chiefs: {'senate': 'Don Harmon'},https://ilga.gov/Legislation/BillStatus?DocNum=392&GAID=18&DocTypeID=SB&LegId=157960&SessionID=114
SB392,action count,match,ours 9 vs ilga.gov 9,https://ilga.gov/Legislation/BillStatus?DocNum=392&GAID=18&DocTypeID=SB&LegId=157960&SessionID=114
SB392,latest action,match,ours 2025-04-11 'Rule 3-9(a) / Re-referred to Assignments' vs ilga.gov 2025-04-11 'Rule 3-9(a) / Re-referred to Assignments',https://ilga.gov/Legislation/BillStatus?DocNum=392&GAID=18&DocTypeID=SB&LegId=157960&SessionID=114
SB479,title,match,'ENERGY-TECH' vs 'ENERGY-TECH',https://ilga.gov/Legislation/BillStatus?DocNum=479&GAID=18&DocTypeID=SB&LegId=158172&SessionID=114
SB479,synopsis (abstracts),ours_missing,Amends the Public Utilities Act. Makes a technical change in a Section concerning the short title.,https://ilga.gov/Legislation/BillStatus?DocNum=479&GAID=18&DocTypeID=SB&LegId=158172&SessionID=114
SB479,statutes (citations),ours_missing,220 ILCS 5/1-101,https://ilga.gov/Legislation/BillStatus?DocNum=479&GAID=18&DocTypeID=SB&LegId=158172&SessionID=114
SB479,sponsors,match,1 names,https://ilga.gov/Legislation/BillStatus?DocNum=479&GAID=18&DocTypeID=SB&LegId=158172&SessionID=114
SB479,chief sponsor,match,ilga.gov chiefs: {'senate': 'Don Harmon'},https://ilga.gov/Legislation/BillStatus?DocNum=479&GAID=18&DocTypeID=SB&LegId=158172&SessionID=114
SB479,action count,match,ours 9 vs ilga.gov 9,https://ilga.gov/Legislation/BillStatus?DocNum=479&GAID=18&DocTypeID=SB&LegId=158172&SessionID=114
SB479,latest action,match,ours 2025-04-11 'Rule 3-9(a) / Re-referred to Assignments' vs ilga.gov 2025-04-11 'Rule 3-9(a) / Re-referred to Assignments',https://ilga.gov/Legislation/BillStatus?DocNum=479&GAID=18&DocTypeID=SB&LegId=158172&SessionID=114
SB573,title,match,'GOVERNMENT-TECH' vs 'GOVERNMENT-TECH',https://ilga.gov/Legislation/BillStatus?DocNum=573&GAID=18&DocTypeID=SB&LegId=158271&SessionID=114
SB573,synopsis (abstracts),ours_missing,Amends the Illinois TRUST Act. Makes a technical change in a Section concerning the short title.,https://ilga.gov/Legislation/BillStatus?DocNum=573&GAID=18&DocTypeID=SB&LegId=158271&SessionID=114
SB573,statutes (citations),ours_missing,5 ILCS 805/1,https://ilga.gov/Legislation/BillStatus?DocNum=573&GAID=18&DocTypeID=SB&LegId=158271&SessionID=114
SB573,sponsors,match,1 names,https://ilga.gov/Legislation/BillStatus?DocNum=573&GAID=18&DocTypeID=SB&LegId=158271&SessionID=114
SB573,chief sponsor,match,ilga.gov chiefs: {'senate': 'Don Harmon'},https://ilga.gov/Legislation/BillStatus?DocNum=573&GAID=18&DocTypeID=SB&LegId=158271&SessionID=114
SB573,action count,match,ours 9 vs ilga.gov 9,https://ilga.gov/Legislation/BillStatus?DocNum=573&GAID=18&DocTypeID=SB&LegId=158271&SessionID=114
SB573,latest action,match,ours 2025-04-11 'Rule 3-9(a) / Re-referred to Assignments' vs ilga.gov 2025-04-11 'Rule 3-9(a) / Re-referred to Assignments',https://ilga.gov/Legislation/BillStatus?DocNum=573&GAID=18&DocTypeID=SB&LegId=158271&SessionID=114
SB631,title,match,'LIQUOR-TECH' vs 'LIQUOR-TECH',https://ilga.gov/Legislation/BillStatus?DocNum=631&GAID=18&DocTypeID=SB&LegId=158329&SessionID=114
SB631,synopsis (abstracts),ours_missing,Amends the Liquor Control Act of 1934. Makes a technical change in a Section concerning the short title.,https://ilga.gov/Legislation/BillStatus?DocNum=631&GAID=18&DocTypeID=SB&LegId=158329&SessionID=114
SB631,statutes (citations),ours_missing,235 ILCS 5/1-1,https://ilga.gov/Legislation/BillStatus?DocNum=631&GAID=18&DocTypeID=SB&LegId=158329&SessionID=114
SB631,sponsors,match,1 names,https://ilga.gov/Legislation/BillStatus?DocNum=631&GAID=18&DocTypeID=SB&LegId=158329&SessionID=114
SB631,chief sponsor,match,ilga.gov chiefs: {'senate': 'Don Harmon'},https://ilga.gov/Legislation/BillStatus?DocNum=631&GAID=18&DocTypeID=SB&LegId=158329&SessionID=114
SB631,action count,match,ours 9 vs ilga.gov 9,https://ilga.gov/Legislation/BillStatus?DocNum=631&GAID=18&DocTypeID=SB&LegId=158329&SessionID=114
SB631,latest action,match,ours 2025-04-11 'Rule 3-9(a) / Re-referred to Assignments' vs ilga.gov 2025-04-11 'Rule 3-9(a) / Re-referred to Assignments',https://ilga.gov/Legislation/BillStatus?DocNum=631&GAID=18&DocTypeID=SB&LegId=158329&SessionID=114
SB694,title,match,'HEALTH-TECH' vs 'HEALTH-TECH',https://ilga.gov/Legislation/BillStatus?DocNum=694&GAID=18&DocTypeID=SB&LegId=158405&SessionID=114
SB694,synopsis (abstracts),ours_missing,Amends the Housing is Recovery Pilot Program Act. Makes a technical change in a Section concerning the short title.,https://ilga.gov/Legislation/BillStatus?DocNum=694&GAID=18&DocTypeID=SB&LegId=158405&SessionID=114
SB694,statutes (citations),ours_missing,405 ILCS 125/1,https://ilga.gov/Legislation/BillStatus?DocNum=694&GAID=18&DocTypeID=SB&LegId=158405&SessionID=114
SB694,sponsors,match,1 names,https://ilga.gov/Legislation/BillStatus?DocNum=694&GAID=18&DocTypeID=SB&LegId=158405&SessionID=114
SB694,chief sponsor,match,ilga.gov chiefs: {'senate': 'Don Harmon'},https://ilga.gov/Legislation/BillStatus?DocNum=694&GAID=18&DocTypeID=SB&LegId=158405&SessionID=114
SB694,action count,match,ours 9 vs ilga.gov 9,https://ilga.gov/Legislation/BillStatus?DocNum=694&GAID=18&DocTypeID=SB&LegId=158405&SessionID=114
SB694,latest action,match,ours 2025-04-11 'Rule 3-9(a) / Re-referred to Assignments' vs ilga.gov 2025-04-11 'Rule 3-9(a) / Re-referred to Assignments',https://ilga.gov/Legislation/BillStatus?DocNum=694&GAID=18&DocTypeID=SB&LegId=158405&SessionID=114
SB775,title,match,'REVENUE-TECH' vs 'REVENUE-TECH',https://ilga.gov/Legislation/BillStatus?DocNum=775&GAID=18&DocTypeID=SB&LegId=158486&SessionID=114
SB775,synopsis (abstracts),ours_missing,Amends the Recovery and Mental Health Tax Credit Act. Makes a technical change in a Section concerning the short title.,https://ilga.gov/Legislation/BillStatus?DocNum=775&GAID=18&DocTypeID=SB&LegId=158486&SessionID=114
SB775,statutes (citations),ours_missing,35 ILCS 50/3-1,https://ilga.gov/Legislation/BillStatus?DocNum=775&GAID=18&DocTypeID=SB&LegId=158486&SessionID=114
SB775,sponsors,match,1 names,https://ilga.gov/Legislation/BillStatus?DocNum=775&GAID=18&DocTypeID=SB&LegId=158486&SessionID=114
SB775,chief sponsor,match,ilga.gov chiefs: {'senate': 'Don Harmon'},https://ilga.gov/Legislation/BillStatus?DocNum=775&GAID=18&DocTypeID=SB&LegId=158486&SessionID=114
SB775,action count,match,ours 9 vs ilga.gov 9,https://ilga.gov/Legislation/BillStatus?DocNum=775&GAID=18&DocTypeID=SB&LegId=158486&SessionID=114
SB775,latest action,match,ours 2025-04-11 'Rule 3-9(a) / Re-referred to Assignments' vs ilga.gov 2025-04-11 'Rule 3-9(a) / Re-referred to Assignments',https://ilga.gov/Legislation/BillStatus?DocNum=775&GAID=18&DocTypeID=SB&LegId=158486&SessionID=114
SB865,title,match,'WILDLIFE-TECH' vs 'WILDLIFE-TECH',https://ilga.gov/Legislation/BillStatus?DocNum=865&GAID=18&DocTypeID=SB&LegId=158588&SessionID=114
SB865,synopsis (abstracts),ours_missing,Amends the Habitat Endowment Act. Makes a technical change in a Section concerning the short title.,https://ilga.gov/Legislation/BillStatus?DocNum=865&GAID=18&DocTypeID=SB&LegId=158588&SessionID=114
SB865,statutes (citations),ours_missing,520 ILCS 25/1,https://ilga.gov/Legislation/BillStatus?DocNum=865&GAID=18&DocTypeID=SB&LegId=158588&SessionID=114
SB865,sponsors,match,1 names,https://ilga.gov/Legislation/BillStatus?DocNum=865&GAID=18&DocTypeID=SB&LegId=158588&SessionID=114
SB865,chief sponsor,match,ilga.gov chiefs: {'senate': 'Don Harmon'},https://ilga.gov/Legislation/BillStatus?DocNum=865&GAID=18&DocTypeID=SB&LegId=158588&SessionID=114
SB865,action count,match,ours 9 vs ilga.gov 9,https://ilga.gov/Legislation/BillStatus?DocNum=865&GAID=18&DocTypeID=SB&LegId=158588&SessionID=114
SB865,latest action,match,ours 2025-04-11 'Rule 3-9(a) / Re-referred to Assignments' vs ilga.gov 2025-04-11 'Rule 3-9(a) / Re-referred to Assignments',https://ilga.gov/Legislation/BillStatus?DocNum=865&GAID=18&DocTypeID=SB&LegId=158588&SessionID=114
SB989,title,match,'ETHICS-TECH' vs 'ETHICS-TECH',https://ilga.gov/Legislation/BillStatus?DocNum=989&GAID=18&DocTypeID=SB&LegId=158722&SessionID=114
SB989,synopsis (abstracts),ours_missing,Amends the State Officials and Employees Ethics Act. Makes a technical change in a Section concerning the short title.,https://ilga.gov/Legislation/BillStatus?DocNum=989&GAID=18&DocTypeID=SB&LegId=158722&SessionID=114
SB989,statutes (citations),ours_missing,5 ILCS 430/1-1,https://ilga.gov/Legislation/BillStatus?DocNum=989&GAID=18&DocTypeID=SB&LegId=158722&SessionID=114
SB989,sponsors,match,1 names,https://ilga.gov/Legislation/BillStatus?DocNum=989&GAID=18&DocTypeID=SB&LegId=158722&SessionID=114
SB989,chief sponsor,match,ilga.gov chiefs: {'senate': 'John F. Curran'},https://ilga.gov/Legislation/BillStatus?DocNum=989&GAID=18&DocTypeID=SB&LegId=158722&SessionID=114
SB989,action count,match,ours 9 vs ilga.gov 9,https://ilga.gov/Legislation/BillStatus?DocNum=989&GAID=18&DocTypeID=SB&LegId=158722&SessionID=114
SB989,latest action,match,ours 2025-04-11 'Rule 3-9(a) / Re-referred to Assignments' vs ilga.gov 2025-04-11 'Rule 3-9(a) / Re-referred to Assignments',https://ilga.gov/Legislation/BillStatus?DocNum=989&GAID=18&DocTypeID=SB&LegId=158722&SessionID=114
SB999,title,match,'FINANCE-TECH' vs 'FINANCE-TECH',https://ilga.gov/Legislation/BillStatus?DocNum=999&GAID=18&DocTypeID=SB&LegId=158732&SessionID=114
SB999,synopsis (abstracts),ours_missing,Amends the State Finance Act. Makes a technical change in a Section concerning the short title.,https://ilga.gov/Legislation/BillStatus?DocNum=999&GAID=18&DocTypeID=SB&LegId=158732&SessionID=114
SB999,statutes (citations),ours_missing,30 ILCS 105/1.1,https://ilga.gov/Legislation/BillStatus?DocNum=999&GAID=18&DocTypeID=SB&LegId=158732&SessionID=114
SB999,sponsors,match,1 names,https://ilga.gov/Legislation/BillStatus?DocNum=999&GAID=18&DocTypeID=SB&LegId=158732&SessionID=114
SB999,chief sponsor,match,ilga.gov chiefs: {'senate': 'John F. Curran'},https://ilga.gov/Legislation/BillStatus?DocNum=999&GAID=18&DocTypeID=SB&LegId=158732&SessionID=114
SB999,action count,match,ours 9 vs ilga.gov 9,https://ilga.gov/Legislation/BillStatus?DocNum=999&GAID=18&DocTypeID=SB&LegId=158732&SessionID=114
SB999,latest action,match,ours 2025-04-11 'Rule 3-9(a) / Re-referred to Assignments' vs ilga.gov 2025-04-11 'Rule 3-9(a) / Re-referred to Assignments',https://ilga.gov/Legislation/BillStatus?DocNum=999&GAID=18&DocTypeID=SB&LegId=158732&SessionID=114
SB110,title,match,'CONCEAL CARRY-PUBLIC TRANSPORT' vs 'CONCEAL CARRY-PUBLIC TRANSPORT',https://ilga.gov/Legislation/BillStatus?DocNum=110&GAID=18&DocTypeID=SB&LegId=157247&SessionID=114
SB110,synopsis (abstracts),ours_missing,Amends the Firearm Concealed Carry Act. Eliminates language providing that a licensee under the Act shall not knowingly ,https://ilga.gov/Legislation/BillStatus?DocNum=110&GAID=18&DocTypeID=SB&LegId=157247&SessionID=114
SB110,statutes (citations),ours_missing,430 ILCS 66/65,https://ilga.gov/Legislation/BillStatus?DocNum=110&GAID=18&DocTypeID=SB&LegId=157247&SessionID=114
SB110,sponsors,match,3 names,https://ilga.gov/Legislation/BillStatus?DocNum=110&GAID=18&DocTypeID=SB&LegId=157247&SessionID=114
SB110,chief sponsor,match,ilga.gov chiefs: {'senate': 'Donald P. DeWitte'},https://ilga.gov/Legislation/BillStatus?DocNum=110&GAID=18&DocTypeID=SB&LegId=157247&SessionID=114
SB110,action count,match,ours 9 vs ilga.gov 9,https://ilga.gov/Legislation/BillStatus?DocNum=110&GAID=18&DocTypeID=SB&LegId=157247&SessionID=114
SB110,latest action,match,ours 2025-05-30 'Added as Co-Sponsor Sen. Terri Bryant' vs ilga.gov 2025-05-30 'Added as Co-Sponsor Sen. Terri Bryant',https://ilga.gov/Legislation/BillStatus?DocNum=110&GAID=18&DocTypeID=SB&LegId=157247&SessionID=114
SB1430,title,match,'EPA-WATER REVOLVING FUND' vs 'EPA-WATER REVOLVING FUND',https://ilga.gov/Legislation/BillStatus?DocNum=1430&GAID=18&DocTypeID=SB&LegId=159572&SessionID=114
SB1430,synopsis (abstracts),ours_missing,Amends the Environmental Protection Act. Provides that a wastewater treatment facility located in the Village of Lisbon ,https://ilga.gov/Legislation/BillStatus?DocNum=1430&GAID=18&DocTypeID=SB&LegId=159572&SessionID=114
SB1430,statutes (citations),ours_missing,415 ILCS 5/19.3,https://ilga.gov/Legislation/BillStatus?DocNum=1430&GAID=18&DocTypeID=SB&LegId=159572&SessionID=114
SB1430,sponsors,match,1 names,https://ilga.gov/Legislation/BillStatus?DocNum=1430&GAID=18&DocTypeID=SB&LegId=159572&SessionID=114
SB1430,chief sponsor,match,ilga.gov chiefs: {'senate': 'Sue Rezin'},https://ilga.gov/Legislation/BillStatus?DocNum=1430&GAID=18&DocTypeID=SB&LegId=159572&SessionID=114
SB1430,action count,match,ours 9 vs ilga.gov 9,https://ilga.gov/Legislation/BillStatus?DocNum=1430&GAID=18&DocTypeID=SB&LegId=159572&SessionID=114
SB1430,latest action,match,ours 2025-06-02 'Rule 3-9(a) / Re-referred to Assignments' vs ilga.gov 2025-06-02 'Rule 3-9(a) / Re-referred to Assignments',https://ilga.gov/Legislation/BillStatus?DocNum=1430&GAID=18&DocTypeID=SB&LegId=159572&SessionID=114
SB2037,title,match,'DIGITAL AGE ASSURANCE ACT' vs 'DIGITAL AGE ASSURANCE ACT',https://ilga.gov/Legislation/BillStatus?DocNum=2037&GAID=18&DocTypeID=SB&LegId=161461&SessionID=114
SB2037,synopsis (abstracts),ours_missing,Creates the Digital Age Assurance Act. Provides that specified manufacturers shall take commercially reasonable and tech,https://ilga.gov/Legislation/BillStatus?DocNum=2037&GAID=18&DocTypeID=SB&LegId=161461&SessionID=114
SB2037,statutes (citations),both_missing,,https://ilga.gov/Legislation/BillStatus?DocNum=2037&GAID=18&DocTypeID=SB&LegId=161461&SessionID=114
SB2037,sponsors,match,1 names,https://ilga.gov/Legislation/BillStatus?DocNum=2037&GAID=18&DocTypeID=SB&LegId=161461&SessionID=114
SB2037,chief sponsor,match,ilga.gov chiefs: {'senate': 'Willie Preston'},https://ilga.gov/Legislation/BillStatus?DocNum=2037&GAID=18&DocTypeID=SB&LegId=161461&SessionID=114
SB2037,action count,match,ours 13 vs ilga.gov 13,https://ilga.gov/Legislation/BillStatus?DocNum=2037&GAID=18&DocTypeID=SB&LegId=161461&SessionID=114
SB2037,latest action,match,ours 2025-06-02 'Rule 3-9(a) / Re-referred to Assignments' vs ilga.gov 2025-06-02 'Rule 3-9(a) / Re-referred to Assignments',https://ilga.gov/Legislation/BillStatus?DocNum=2037&GAID=18&DocTypeID=SB&LegId=161461&SessionID=114
SB2173,title,match,'FOIA-EMPLOYEE LIABILITY' vs 'FOIA-EMPLOYEE LIABILITY',https://ilga.gov/Legislation/BillStatus?DocNum=2173&GAID=18&DocTypeID=SB&LegId=161875&SessionID=114
SB2173,synopsis (abstracts),ours_missing,Amends the Freedom of Information Act. Provides that a public body and any officer or employee of a public body (rather ,https://ilga.gov/Legislation/BillStatus?DocNum=2173&GAID=18&DocTypeID=SB&LegId=161875&SessionID=114
SB2173,statutes (citations),ours_missing,5 ILCS 140/9.5,https://ilga.gov/Legislation/BillStatus?DocNum=2173&GAID=18&DocTypeID=SB&LegId=161875&SessionID=114
SB2173,sponsors,match,1 names,https://ilga.gov/Legislation/BillStatus?DocNum=2173&GAID=18&DocTypeID=SB&LegId=161875&SessionID=114
SB2173,chief sponsor,match,ilga.gov chiefs: {'senate': 'Suzy Glowiak Hilton'},https://ilga.gov/Legislation/BillStatus?DocNum=2173&GAID=18&DocTypeID=SB&LegId=161875&SessionID=114
SB2173,action count,match,ours 10 vs ilga.gov 10,https://ilga.gov/Legislation/BillStatus?DocNum=2173&GAID=18&DocTypeID=SB&LegId=161875&SessionID=114
SB2173,latest action,match,ours 2025-06-02 'Rule 3-9(a) / Re-referred to Assignments' vs ilga.gov 2025-06-02 'Rule 3-9(a) / Re-referred to Assignments',https://ilga.gov/Legislation/BillStatus?DocNum=2173&GAID=18&DocTypeID=SB&LegId=161875&SessionID=114
SB1237,title,match,'$PUBLIC HEALTH-CLINICS' vs '$PUBLIC HEALTH-CLINICS',https://ilga.gov/Legislation/BillStatus?DocNum=1237&GAID=18&DocTypeID=SB&LegId=159055&SessionID=114
SB1237,synopsis (abstracts),ours_missing,"Appropriates $9,000,000 from the General Revenue Fund to the Department of Public Health for continued funding to the Il",https://ilga.gov/Legislation/BillStatus?DocNum=1237&GAID=18&DocTypeID=SB&LegId=159055&SessionID=114
SB1237,statutes (citations),both_missing,,https://ilga.gov/Legislation/BillStatus?DocNum=1237&GAID=18&DocTypeID=SB&LegId=159055&SessionID=114
SB1237,sponsors,match,8 names,https://ilga.gov/Legislation/BillStatus?DocNum=1237&GAID=18&DocTypeID=SB&LegId=159055&SessionID=114
SB1237,chief sponsor,match,ilga.gov chiefs: {'senate': 'Karina Villa'},https://ilga.gov/Legislation/BillStatus?DocNum=1237&GAID=18&DocTypeID=SB&LegId=159055&SessionID=114
SB1237,action count,match,ours 13 vs ilga.gov 13,https://ilga.gov/Legislation/BillStatus?DocNum=1237&GAID=18&DocTypeID=SB&LegId=159055&SessionID=114
SB1237,latest action,match,ours 2025-07-02 'Pursuant to Senate Rule 3-9(b) / Referred to Assignments' vs ilga.gov 2025-07-02 'Pursuant to Senate Rule 3-9(b) / Referred to Assignments',https://ilga.gov/Legislation/BillStatus?DocNum=1237&GAID=18&DocTypeID=SB&LegId=159055&SessionID=114
SB64,title,match,'$DHS-LAUREUS SPORT' vs '$DHS-LAUREUS SPORT',https://ilga.gov/Legislation/BillStatus?DocNum=64&GAID=18&DocTypeID=SB&LegId=157169&SessionID=114
SB64,synopsis (abstracts),ours_missing,"Appropriates $5,500,000 from the General Revenue Fund to the Department of Human Services for a grant to Laureus Sport f",https://ilga.gov/Legislation/BillStatus?DocNum=64&GAID=18&DocTypeID=SB&LegId=157169&SessionID=114
SB64,statutes (citations),both_missing,,https://ilga.gov/Legislation/BillStatus?DocNum=64&GAID=18&DocTypeID=SB&LegId=157169&SessionID=114
SB64,sponsors,match,3 names,https://ilga.gov/Legislation/BillStatus?DocNum=64&GAID=18&DocTypeID=SB&LegId=157169&SessionID=114
SB64,chief sponsor,match,ilga.gov chiefs: {'senate': 'Robert Peters'},https://ilga.gov/Legislation/BillStatus?DocNum=64&GAID=18&DocTypeID=SB&LegId=157169&SessionID=114
SB64,action count,match,ours 8 vs ilga.gov 8,https://ilga.gov/Legislation/BillStatus?DocNum=64&GAID=18&DocTypeID=SB&LegId=157169&SessionID=114
SB64,latest action,match,ours 2025-07-02 'Pursuant to Senate Rule 3-9(b) / Referred to Assignments' vs ilga.gov 2025-07-02 'Pursuant to Senate Rule 3-9(b) / Referred to Assignments',https://ilga.gov/Legislation/BillStatus?DocNum=64&GAID=18&DocTypeID=SB&LegId=157169&SessionID=114
SB1793,title,match,'CREMATION-SCATTERING AREA' vs 'CREMATION-SCATTERING AREA',https://ilga.gov/Legislation/BillStatus?DocNum=1793&GAID=18&DocTypeID=SB&LegId=160942&SessionID=114
SB1793,synopsis (abstracts),ours_missing,Amends the Crematory Regulation Act. Requires the Department of Natural Resources to designate scattering areas for the ,https://ilga.gov/Legislation/BillStatus?DocNum=1793&GAID=18&DocTypeID=SB&LegId=160942&SessionID=114
SB1793,statutes (citations),ours_missing,410 ILCS 18/5,https://ilga.gov/Legislation/BillStatus?DocNum=1793&GAID=18&DocTypeID=SB&LegId=160942&SessionID=114
SB1793,sponsors,match,7 names,https://ilga.gov/Legislation/BillStatus?DocNum=1793&GAID=18&DocTypeID=SB&LegId=160942&SessionID=114
SB1793,chief sponsor,match,"ilga.gov chiefs: {'senate': 'Laura Ellman', 'house': 'Janet Yang Rohr'}",https://ilga.gov/Legislation/BillStatus?DocNum=1793&GAID=18&DocTypeID=SB&LegId=160942&SessionID=114
SB1793,action count,match,ours 42 vs ilga.gov 42,https://ilga.gov/Legislation/BillStatus?DocNum=1793&GAID=18&DocTypeID=SB&LegId=160942&SessionID=114
SB1793,latest action,match,ours 2025-08-01 'Public Act . . . . . . . . . 104-0124' vs ilga.gov 2025-08-01 'Public Act . . . . . . . . . 104-0124',https://ilga.gov/Legislation/BillStatus?DocNum=1793&GAID=18&DocTypeID=SB&LegId=160942&SessionID=114
SB1793,public act number,match,104-0124,https://ilga.gov/Legislation/BillStatus?DocNum=1793&GAID=18&DocTypeID=SB&LegId=160942&SessionID=114
SB1507,title,match,'VEH CD-SAFETY ZONES' vs 'VEH CD-SAFETY ZONES',https://ilga.gov/Legislation/BillStatus?DocNum=1507&GAID=18&DocTypeID=SB&LegId=160135&SessionID=114
SB1507,synopsis (abstracts),ours_missing,"Amends the Illinois Vehicle Code. In a provision regarding automated speed enforcement systems in safety zones, provides",https://ilga.gov/Legislation/BillStatus?DocNum=1507&GAID=18&DocTypeID=SB&LegId=160135&SessionID=114
SB1507,statutes (citations),ours_missing,625 ILCS 5/11-208.8,https://ilga.gov/Legislation/BillStatus?DocNum=1507&GAID=18&DocTypeID=SB&LegId=160135&SessionID=114
SB1507,sponsors,match,6 names,https://ilga.gov/Legislation/BillStatus?DocNum=1507&GAID=18&DocTypeID=SB&LegId=160135&SessionID=114
SB1507,chief sponsor,match,"ilga.gov chiefs: {'senate': 'Sara Feigenholtz', 'house': 'Margaret Croke'}",https://ilga.gov/Legislation/BillStatus?DocNum=1507&GAID=18&DocTypeID=SB&LegId=160135&SessionID=114
SB1507,action count,match,ours 34 vs ilga.gov 34,https://ilga.gov/Legislation/BillStatus?DocNum=1507&GAID=18&DocTypeID=SB&LegId=160135&SessionID=114
SB1507,latest action,match,ours 2025-08-15 'Public Act . . . . . . . . . 104-0381' vs ilga.gov 2025-08-15 'Public Act . . . . . . . . . 104-0381',https://ilga.gov/Legislation/BillStatus?DocNum=1507&GAID=18&DocTypeID=SB&LegId=160135&SessionID=114
SB1507,public act number,match,104-0381,https://ilga.gov/Legislation/BillStatus?DocNum=1507&GAID=18&DocTypeID=SB&LegId=160135&SessionID=114
SB328,title,match,'CIVIL LAW-TECH' vs 'CIVIL LAW-TECH',https://ilga.gov/Legislation/BillStatus?DocNum=328&GAID=18&DocTypeID=SB&LegId=157813&SessionID=114
SB328,synopsis (abstracts),ours_missing,Amends the Code of Civil Procedure. Makes a technical change in the short title Section.,https://ilga.gov/Legislation/BillStatus?DocNum=328&GAID=18&DocTypeID=SB&LegId=157813&SessionID=114
SB328,statutes (citations),ours_missing,735 ILCS 5/1-101,https://ilga.gov/Legislation/BillStatus?DocNum=328&GAID=18&DocTypeID=SB&LegId=157813&SessionID=114
SB328,sponsors,match,3 names,https://ilga.gov/Legislation/BillStatus?DocNum=328&GAID=18&DocTypeID=SB&LegId=157813&SessionID=114
SB328,chief sponsor,match,"ilga.gov chiefs: {'senate': 'Don Harmon', 'house': 'Jay Hoffman'}",https://ilga.gov/Legislation/BillStatus?DocNum=328&GAID=18&DocTypeID=SB&LegId=157813&SessionID=114
SB328,action count,match,ours 62 vs ilga.gov 62,https://ilga.gov/Legislation/BillStatus?DocNum=328&GAID=18&DocTypeID=SB&LegId=157813&SessionID=114
SB328,latest action,match,ours 2025-08-15 'Public Act . . . . . . . . . 104-0352' vs ilga.gov 2025-08-15 'Public Act . . . . . . . . . 104-0352',https://ilga.gov/Legislation/BillStatus?DocNum=328&GAID=18&DocTypeID=SB&LegId=157813&SessionID=114
SB328,public act number,match,104-0352,https://ilga.gov/Legislation/BillStatus?DocNum=328&GAID=18&DocTypeID=SB&LegId=157813&SessionID=114
SB2831,title,match,'CHARITABLE FOOD COORDINATION' vs 'CHARITABLE FOOD COORDINATION',https://ilga.gov/Legislation/BillStatus?DocNum=2831&GAID=18&DocTypeID=SB&LegId=165032&SessionID=114
SB2831,synopsis (abstracts),ours_missing,Creates the Comprehensive Charitable Food System Coordination Act. Provides that State agencies involved in administerin,https://ilga.gov/Legislation/BillStatus?DocNum=2831&GAID=18&DocTypeID=SB&LegId=165032&SessionID=114
SB2831,statutes (citations),ours_missing,20 ILCS 1305/10-65,https://ilga.gov/Legislation/BillStatus?DocNum=2831&GAID=18&DocTypeID=SB&LegId=165032&SessionID=114
SB2831,sponsors,match,1 names,https://ilga.gov/Legislation/BillStatus?DocNum=2831&GAID=18&DocTypeID=SB&LegId=165032&SessionID=114
SB2831,chief sponsor,match,ilga.gov chiefs: {'senate': 'Lakesia Collins'},https://ilga.gov/Legislation/BillStatus?DocNum=2831&GAID=18&DocTypeID=SB&LegId=165032&SessionID=114
SB2831,action count,match,ours 3 vs ilga.gov 3,https://ilga.gov/Legislation/BillStatus?DocNum=2831&GAID=18&DocTypeID=SB&LegId=165032&SessionID=114
SB2831,latest action,match,ours 2026-01-13 'Referred to Assignments' vs ilga.gov 2026-01-13 'Referred to Assignments',https://ilga.gov/Legislation/BillStatus?DocNum=2831&GAID=18&DocTypeID=SB&LegId=165032&SessionID=114
SB3077,title,match,'VETERAN & NATIONAL GUARD' vs 'VETERAN & NATIONAL GUARD',https://ilga.gov/Legislation/BillStatus?DocNum=3077&GAID=18&DocTypeID=SB&LegId=165653&SessionID=114
SB3077,synopsis (abstracts),ours_missing,Amends the Personnel Code. Provides that a veteran is qualified for a preference of 5 points if the veteran served in ac,https://ilga.gov/Legislation/BillStatus?DocNum=3077&GAID=18&DocTypeID=SB&LegId=165653&SessionID=114
SB3077,statutes (citations),ours_missing,20 ILCS 415/8b.7; 330 ILCS 45/1; 330 ILCS 45/2,https://ilga.gov/Legislation/BillStatus?DocNum=3077&GAID=18&DocTypeID=SB&LegId=165653&SessionID=114
SB3077,sponsors,match,1 names,https://ilga.gov/Legislation/BillStatus?DocNum=3077&GAID=18&DocTypeID=SB&LegId=165653&SessionID=114
SB3077,chief sponsor,match,ilga.gov chiefs: {'senate': 'Darby A. Hills'},https://ilga.gov/Legislation/BillStatus?DocNum=3077&GAID=18&DocTypeID=SB&LegId=165653&SessionID=114
SB3077,action count,match,ours 3 vs ilga.gov 3,https://ilga.gov/Legislation/BillStatus?DocNum=3077&GAID=18&DocTypeID=SB&LegId=165653&SessionID=114
SB3077,latest action,match,ours 2026-01-29 'Referred to Assignments' vs ilga.gov 2026-01-29 'Referred to Assignments',https://ilga.gov/Legislation/BillStatus?DocNum=3077&GAID=18&DocTypeID=SB&LegId=165653&SessionID=114
SB3390,title,match,'PROSTITUTION DECRIMINALIZATION' vs 'PROSTITUTION DECRIMINALIZATION',https://ilga.gov/Legislation/BillStatus?DocNum=3390&GAID=18&DocTypeID=SB&LegId=166295&SessionID=114
SB3390,synopsis (abstracts),ours_missing,Provides that the Act may be referred to as the Keeping Sex Workers Safe Act. Creates the Sex Workers' Bill of Rights Ac,https://ilga.gov/Legislation/BillStatus?DocNum=3390&GAID=18&DocTypeID=SB&LegId=166295&SessionID=114
SB3390,statutes (citations),ours_missing,20 ILCS 2630/5.2; 225 ILCS 57/15; 225 ILCS 57/45,https://ilga.gov/Legislation/BillStatus?DocNum=3390&GAID=18&DocTypeID=SB&LegId=166295&SessionID=114
SB3390,sponsors,match,1 names,https://ilga.gov/Legislation/BillStatus?DocNum=3390&GAID=18&DocTypeID=SB&LegId=166295&SessionID=114
SB3390,chief sponsor,match,ilga.gov chiefs: {'senate': 'Celina Villanueva'},https://ilga.gov/Legislation/BillStatus?DocNum=3390&GAID=18&DocTypeID=SB&LegId=166295&SessionID=114
SB3390,action count,match,ours 3 vs ilga.gov 3,https://ilga.gov/Legislation/BillStatus?DocNum=3390&GAID=18&DocTypeID=SB&LegId=166295&SessionID=114
SB3390,latest action,match,ours 2026-02-04 'Referred to Assignments' vs ilga.gov 2026-02-04 'Referred to Assignments',https://ilga.gov/Legislation/BillStatus?DocNum=3390&GAID=18&DocTypeID=SB&LegId=166295&SessionID=114
SB3479,title,match,'CD CORR-INCOMING PUBLICATIONS' vs 'CD CORR-INCOMING PUBLICATIONS',https://ilga.gov/Legislation/BillStatus?DocNum=3479&GAID=18&DocTypeID=SB&LegId=166480&SessionID=114
SB3479,synopsis (abstracts),ours_missing,"Amends the Unified Code of Corrections. Provides that, beginning on July 1, 2026, the Department of Corrections shall ad",https://ilga.gov/Legislation/BillStatus?DocNum=3479&GAID=18&DocTypeID=SB&LegId=166480&SessionID=114
SB3479,statutes (citations),ours_missing,730 ILCS 5/3-2-2,https://ilga.gov/Legislation/BillStatus?DocNum=3479&GAID=18&DocTypeID=SB&LegId=166480&SessionID=114
SB3479,sponsors,match,1 names,https://ilga.gov/Legislation/BillStatus?DocNum=3479&GAID=18&DocTypeID=SB&LegId=166480&SessionID=114
SB3479,chief sponsor,match,ilga.gov chiefs: {'senate': 'Mike Simmons'},https://ilga.gov/Legislation/BillStatus?DocNum=3479&GAID=18&DocTypeID=SB&LegId=166480&SessionID=114
SB3479,action count,match,ours 3 vs ilga.gov 3,https://ilga.gov/Legislation/BillStatus?DocNum=3479&GAID=18&DocTypeID=SB&LegId=166480&SessionID=114
SB3479,latest action,match,ours 2026-02-05 'Referred to Assignments' vs ilga.gov 2026-02-05 'Referred to Assignments',https://ilga.gov/Legislation/BillStatus?DocNum=3479&GAID=18&DocTypeID=SB&LegId=166480&SessionID=114
SB3859,title,match,'NONCITIZEN COST TRANSPARENCY' vs 'NONCITIZEN COST TRANSPARENCY',https://ilga.gov/Legislation/BillStatus?DocNum=3859&GAID=18&DocTypeID=SB&LegId=167288&SessionID=114
SB3859,synopsis (abstracts),ours_missing,"Creates the Noncitizen Population Spending Transparency Act. Provides that the Department of Human Services, in collabor",https://ilga.gov/Legislation/BillStatus?DocNum=3859&GAID=18&DocTypeID=SB&LegId=167288&SessionID=114
SB3859,statutes (citations),ours_missing,15 ILCS 20/50-5,https://ilga.gov/Legislation/BillStatus?DocNum=3859&GAID=18&DocTypeID=SB&LegId=167288&SessionID=114
SB3859,sponsors,match,1 names,https://ilga.gov/Legislation/BillStatus?DocNum=3859&GAID=18&DocTypeID=SB&LegId=167288&SessionID=114
SB3859,chief sponsor,match,ilga.gov chiefs: {'senate': 'John F. Curran'},https://ilga.gov/Legislation/BillStatus?DocNum=3859&GAID=18&DocTypeID=SB&LegId=167288&SessionID=114
SB3859,action count,match,ours 3 vs ilga.gov 3,https://ilga.gov/Legislation/BillStatus?DocNum=3859&GAID=18&DocTypeID=SB&LegId=167288&SessionID=114
SB3859,latest action,match,ours 2026-02-06 'Referred to Assignments' vs ilga.gov 2026-02-06 'Referred to Assignments',https://ilga.gov/Legislation/BillStatus?DocNum=3859&GAID=18&DocTypeID=SB&LegId=167288&SessionID=114
SB4024,title,match,'TRANSFER CARE SPECIALISTS' vs 'TRANSFER CARE SPECIALISTS',https://ilga.gov/Legislation/BillStatus?DocNum=4024&GAID=18&DocTypeID=SB&LegId=167579&SessionID=114
SB4024,synopsis (abstracts),ours_missing,"Amends the Funeral Directors and Embalmers Licensing Code. Provides that ""funeral establishment"", ""funeral chapel"", ""fun",https://ilga.gov/Legislation/BillStatus?DocNum=4024&GAID=18&DocTypeID=SB&LegId=167579&SessionID=114
SB4024,statutes (citations),ours_missing,225 ILCS 41/1-10; 225 ILCS 41/1-15; 225 ILCS 41/1-20,https://ilga.gov/Legislation/BillStatus?DocNum=4024&GAID=18&DocTypeID=SB&LegId=167579&SessionID=114
SB4024,sponsors,match,1 names,https://ilga.gov/Legislation/BillStatus?DocNum=4024&GAID=18&DocTypeID=SB&LegId=167579&SessionID=114
SB4024,chief sponsor,match,ilga.gov chiefs: {'senate': 'Ram Villivalam'},https://ilga.gov/Legislation/BillStatus?DocNum=4024&GAID=18&DocTypeID=SB&LegId=167579&SessionID=114
SB4024,action count,match,ours 3 vs ilga.gov 3,https://ilga.gov/Legislation/BillStatus?DocNum=4024&GAID=18&DocTypeID=SB&LegId=167579&SessionID=114
SB4024,latest action,match,ours 2026-02-06 'Referred to Assignments' vs ilga.gov 2026-02-06 'Referred to Assignments',https://ilga.gov/Legislation/BillStatus?DocNum=4024&GAID=18&DocTypeID=SB&LegId=167579&SessionID=114
SB4085,title,match,'$FY27 TREASURER' vs '$FY27 TREASURER',https://ilga.gov/Legislation/BillStatus?DocNum=4085&GAID=18&DocTypeID=SB&LegId=167891&SessionID=114
SB4085,synopsis (abstracts),ours_missing,"Appropriates specified amounts from various funds to the State Treasurer for specified purposes. Effective July 1, 2026.",https://ilga.gov/Legislation/BillStatus?DocNum=4085&GAID=18&DocTypeID=SB&LegId=167891&SessionID=114
SB4085,statutes (citations),both_missing,,https://ilga.gov/Legislation/BillStatus?DocNum=4085&GAID=18&DocTypeID=SB&LegId=167891&SessionID=114
SB4085,sponsors,match,1 names,https://ilga.gov/Legislation/BillStatus?DocNum=4085&GAID=18&DocTypeID=SB&LegId=167891&SessionID=114
SB4085,chief sponsor,match,"ilga.gov chiefs: {'senate': 'Elgie R. Sims, Jr.'}",https://ilga.gov/Legislation/BillStatus?DocNum=4085&GAID=18&DocTypeID=SB&LegId=167891&SessionID=114
SB4085,action count,match,ours 3 vs ilga.gov 3,https://ilga.gov/Legislation/BillStatus?DocNum=4085&GAID=18&DocTypeID=SB&LegId=167891&SessionID=114
SB4085,latest action,match,ours 2026-02-25 'Referred to Assignments' vs ilga.gov 2026-02-25 'Referred to Assignments',https://ilga.gov/Legislation/BillStatus?DocNum=4085&GAID=18&DocTypeID=SB&LegId=167891&SessionID=114
SB3763,title,match,'LANDLORD-TENANT FEES' vs 'LANDLORD-TENANT FEES',https://ilga.gov/Legislation/BillStatus?DocNum=3763&GAID=18&DocTypeID=SB&LegId=167070&SessionID=114
SB3763,synopsis (abstracts),ours_missing,Amends the Landlord and Tenant Act. Requires landlords to disclose all non-optional fees in a clear and conspicuous mann,https://ilga.gov/Legislation/BillStatus?DocNum=3763&GAID=18&DocTypeID=SB&LegId=167070&SessionID=114
SB3763,statutes (citations),ours_missing,765 ILCS 705/35 new,https://ilga.gov/Legislation/BillStatus?DocNum=3763&GAID=18&DocTypeID=SB&LegId=167070&SessionID=114
SB3763,sponsors,match,4 names,https://ilga.gov/Legislation/BillStatus?DocNum=3763&GAID=18&DocTypeID=SB&LegId=167070&SessionID=114
SB3763,chief sponsor,match,ilga.gov chiefs: {'senate': 'Mike Simmons'},https://ilga.gov/Legislation/BillStatus?DocNum=3763&GAID=18&DocTypeID=SB&LegId=167070&SessionID=114
SB3763,action count,match,ours 6 vs ilga.gov 6,https://ilga.gov/Legislation/BillStatus?DocNum=3763&GAID=18&DocTypeID=SB&LegId=167070&SessionID=114
SB3763,latest action,match,ours 2026-02-26 'Added as Co-Sponsor Sen. Graciela Guzmán' vs ilga.gov 2026-02-26 'Added as Co-Sponsor Sen. Graciela Guzmán',https://ilga.gov/Legislation/BillStatus?DocNum=3763&GAID=18&DocTypeID=SB&LegId=167070&SessionID=114
SB2753,title,match,'VEH CD-INSPECTIONS' vs 'VEH CD-INSPECTIONS',https://ilga.gov/Legislation/BillStatus?DocNum=2753&GAID=18&DocTypeID=SB&LegId=164642&SessionID=114
SB2753,synopsis (abstracts),ours_missing,Amends the Illinois Vehicle Code. Provides that vehicles shall be inspected every 2 years on a schedule that begins in t,https://ilga.gov/Legislation/BillStatus?DocNum=2753&GAID=18&DocTypeID=SB&LegId=164642&SessionID=114
SB2753,statutes (citations),ours_missing,625 ILCS 5/13C-15,https://ilga.gov/Legislation/BillStatus?DocNum=2753&GAID=18&DocTypeID=SB&LegId=164642&SessionID=114
SB2753,sponsors,match,1 names,https://ilga.gov/Legislation/BillStatus?DocNum=2753&GAID=18&DocTypeID=SB&LegId=164642&SessionID=114
SB2753,chief sponsor,match,ilga.gov chiefs: {'senate': 'Suzy Glowiak Hilton'},https://ilga.gov/Legislation/BillStatus?DocNum=2753&GAID=18&DocTypeID=SB&LegId=164642&SessionID=114
SB2753,action count,match,ours 6 vs ilga.gov 6,https://ilga.gov/Legislation/BillStatus?DocNum=2753&GAID=18&DocTypeID=SB&LegId=164642&SessionID=114
SB2753,latest action,match,ours 2026-03-13 'Rule 3-9(a) / Re-referred to Assignments' vs ilga.gov 2026-03-13 'Rule 3-9(a) / Re-referred to Assignments',https://ilga.gov/Legislation/BillStatus?DocNum=2753&GAID=18&DocTypeID=SB&LegId=164642&SessionID=114
SB3382,title,match,'HWY CD-EXPEDITED PERMIT REVIEW' vs 'HWY CD-EXPEDITED PERMIT REVIEW',https://ilga.gov/Legislation/BillStatus?DocNum=3382&GAID=18&DocTypeID=SB&LegId=166267&SessionID=114
SB3382,synopsis (abstracts),ours_missing,Amends the Illinois Highway Code. Provides that any applicant for a permit for an entrance or exit to a subdivision for ,https://ilga.gov/Legislation/BillStatus?DocNum=3382&GAID=18&DocTypeID=SB&LegId=166267&SessionID=114
SB3382,statutes (citations),both_missing,,https://ilga.gov/Legislation/BillStatus?DocNum=3382&GAID=18&DocTypeID=SB&LegId=166267&SessionID=114
SB3382,sponsors,match,1 names,https://ilga.gov/Legislation/BillStatus?DocNum=3382&GAID=18&DocTypeID=SB&LegId=166267&SessionID=114
SB3382,chief sponsor,match,ilga.gov chiefs: {'senate': 'Laura Ellman'},https://ilga.gov/Legislation/BillStatus?DocNum=3382&GAID=18&DocTypeID=SB&LegId=166267&SessionID=114
SB3382,action count,match,ours 7 vs ilga.gov 7,https://ilga.gov/Legislation/BillStatus?DocNum=3382&GAID=18&DocTypeID=SB&LegId=166267&SessionID=114
SB3382,latest action,match,ours 2026-03-13 'Rule 3-9(a) / Re-referred to Assignments' vs ilga.gov 2026-03-13 'Rule 3-9(a) / Re-referred to Assignments',https://ilga.gov/Legislation/BillStatus?DocNum=3382&GAID=18&DocTypeID=SB&LegId=166267&SessionID=114
SB3157,title,match,'LUBRICANT RESPONSIBILITY ACT' vs 'LUBRICANT RESPONSIBILITY ACT',https://ilga.gov/Legislation/BillStatus?DocNum=3157&GAID=18&DocTypeID=SB&LegId=165800&SessionID=114
SB3157,synopsis (abstracts),ours_missing,Creates the Lubricant and Related Product Producer Responsibility Act. Requires a producer of covered products to regist,https://ilga.gov/Legislation/BillStatus?DocNum=3157&GAID=18&DocTypeID=SB&LegId=165800&SessionID=114
SB3157,statutes (citations),ours_missing,30 ILCS 105/5.1038 new,https://ilga.gov/Legislation/BillStatus?DocNum=3157&GAID=18&DocTypeID=SB&LegId=165800&SessionID=114
SB3157,sponsors,match,1 names,https://ilga.gov/Legislation/BillStatus?DocNum=3157&GAID=18&DocTypeID=SB&LegId=165800&SessionID=114
SB3157,chief sponsor,match,ilga.gov chiefs: {'senate': 'Linda Holmes'},https://ilga.gov/Legislation/BillStatus?DocNum=3157&GAID=18&DocTypeID=SB&LegId=165800&SessionID=114
SB3157,action count,match,ours 6 vs ilga.gov 6,https://ilga.gov/Legislation/BillStatus?DocNum=3157&GAID=18&DocTypeID=SB&LegId=165800&SessionID=114
SB3157,latest action,match,ours 2026-03-27 'Rule 3-9(a) / Re-referred to Assignments' vs ilga.gov 2026-03-27 'Rule 3-9(a) / Re-referred to Assignments',https://ilga.gov/Legislation/BillStatus?DocNum=3157&GAID=18&DocTypeID=SB&LegId=165800&SessionID=114
SB3001,title,match,'CONSUMERS-STORE PICKUP PRICING' vs 'CONSUMERS-STORE PICKUP PRICING',https://ilga.gov/Legislation/BillStatus?DocNum=3001&GAID=18&DocTypeID=SB&LegId=165504&SessionID=114
SB3001,synopsis (abstracts),ours_missing,Amends the Consumer Fraud and Deceptive Business Practices Act. Provides that it is an unlawful practice within the mean,https://ilga.gov/Legislation/BillStatus?DocNum=3001&GAID=18&DocTypeID=SB&LegId=165504&SessionID=114
SB3001,statutes (citations),ours_missing,815 ILCS 505/2MMMM new,https://ilga.gov/Legislation/BillStatus?DocNum=3001&GAID=18&DocTypeID=SB&LegId=165504&SessionID=114
SB3001,sponsors,match,8 names,https://ilga.gov/Legislation/BillStatus?DocNum=3001&GAID=18&DocTypeID=SB&LegId=165504&SessionID=114
SB3001,chief sponsor,match,ilga.gov chiefs: {'senate': 'Christopher Belt'},https://ilga.gov/Legislation/BillStatus?DocNum=3001&GAID=18&DocTypeID=SB&LegId=165504&SessionID=114
SB3001,action count,match,ours 12 vs ilga.gov 12,https://ilga.gov/Legislation/BillStatus?DocNum=3001&GAID=18&DocTypeID=SB&LegId=165504&SessionID=114
SB3001,latest action,match,ours 2026-04-15 'Added as Co-Sponsor Sen. Rachel Ventura' vs ilga.gov 2026-04-15 'Added as Co-Sponsor Sen. Rachel Ventura',https://ilga.gov/Legislation/BillStatus?DocNum=3001&GAID=18&DocTypeID=SB&LegId=165504&SessionID=114
SB4191,title,match,'$DHS-MCLEAN COUNTY' vs '$DHS-MCLEAN COUNTY',https://ilga.gov/Legislation/BillStatus?DocNum=4191&GAID=18&DocTypeID=SB&LegId=168355&SessionID=114
SB4191,synopsis (abstracts),ours_missing,"Appropriates $1,000,000, or so much of that amount as may be necessary, from the General Revenue Fund to the Department ",https://ilga.gov/Legislation/BillStatus?DocNum=4191&GAID=18&DocTypeID=SB&LegId=168355&SessionID=114
SB4191,statutes (citations),both_missing,,https://ilga.gov/Legislation/BillStatus?DocNum=4191&GAID=18&DocTypeID=SB&LegId=168355&SessionID=114
SB4191,sponsors,match,2 names,https://ilga.gov/Legislation/BillStatus?DocNum=4191&GAID=18&DocTypeID=SB&LegId=168355&SessionID=114
SB4191,chief sponsor,match,ilga.gov chiefs: {'senate': 'David Koehler'},https://ilga.gov/Legislation/BillStatus?DocNum=4191&GAID=18&DocTypeID=SB&LegId=168355&SessionID=114
SB4191,action count,match,ours 4 vs ilga.gov 4,https://ilga.gov/Legislation/BillStatus?DocNum=4191&GAID=18&DocTypeID=SB&LegId=168355&SessionID=114
SB4191,latest action,match,ours 2026-04-28 'Added as Co-Sponsor Sen. Chris Balkema' vs ilga.gov 2026-04-28 'Added as Co-Sponsor Sen. Chris Balkema',https://ilga.gov/Legislation/BillStatus?DocNum=4191&GAID=18&DocTypeID=SB&LegId=168355&SessionID=114
SB3301,title,match,'SCH CD-EXEMPT FOREIGN LANG REQ' vs 'SCH CD-EXEMPT FOREIGN LANG REQ',https://ilga.gov/Legislation/BillStatus?DocNum=3301&GAID=18&DocTypeID=SB&LegId=166097&SessionID=114
SB3301,synopsis (abstracts),ours_missing,"Amends the Courses of Study Article of the School Code. Provides that a school district is exempt from requiring pupils,",https://ilga.gov/Legislation/BillStatus?DocNum=3301&GAID=18&DocTypeID=SB&LegId=166097&SessionID=114
SB3301,statutes (citations),ours_missing,105 ILCS 5/27-605,https://ilga.gov/Legislation/BillStatus?DocNum=3301&GAID=18&DocTypeID=SB&LegId=166097&SessionID=114
SB3301,sponsors,match,3 names,https://ilga.gov/Legislation/BillStatus?DocNum=3301&GAID=18&DocTypeID=SB&LegId=166097&SessionID=114
SB3301,chief sponsor,match,ilga.gov chiefs: {'senate': 'Chris Balkema'},https://ilga.gov/Legislation/BillStatus?DocNum=3301&GAID=18&DocTypeID=SB&LegId=166097&SessionID=114
SB3301,action count,match,ours 5 vs ilga.gov 5,https://ilga.gov/Legislation/BillStatus?DocNum=3301&GAID=18&DocTypeID=SB&LegId=166097&SessionID=114
SB3301,latest action,match,ours 2026-04-30 'Added as Co-Sponsor Sen. Javier L. Cervantes' vs ilga.gov 2026-04-30 'Added as Co-Sponsor Sen. Javier L. Cervantes',https://ilga.gov/Legislation/BillStatus?DocNum=3301&GAID=18&DocTypeID=SB&LegId=166097&SessionID=114
SB4200,title,match,'REAL HOUSING ACT' vs 'REAL HOUSING ACT',https://ilga.gov/Legislation/BillStatus?DocNum=4200&GAID=18&DocTypeID=SB&LegId=168475&SessionID=114
SB4200,synopsis (abstracts),ours_missing,Specifies that the amendatory Act may be referred to as the Reducing Expenses and Advancing Local (REAL) Housing Act. Am,https://ilga.gov/Legislation/BillStatus?DocNum=4200&GAID=18&DocTypeID=SB&LegId=168475&SessionID=114
SB4200,statutes (citations),ours_missing,20 ILCS 2505/2505-810; 30 ILCS 105/5.1038 new; 30 ILCS 105/5.1039 new,https://ilga.gov/Legislation/BillStatus?DocNum=4200&GAID=18&DocTypeID=SB&LegId=168475&SessionID=114
SB4200,sponsors,match,2 names,https://ilga.gov/Legislation/BillStatus?DocNum=4200&GAID=18&DocTypeID=SB&LegId=168475&SessionID=114
SB4200,chief sponsor,match,ilga.gov chiefs: {'senate': 'Donald P. DeWitte'},https://ilga.gov/Legislation/BillStatus?DocNum=4200&GAID=18&DocTypeID=SB&LegId=168475&SessionID=114
SB4200,action count,match,ours 4 vs ilga.gov 4,https://ilga.gov/Legislation/BillStatus?DocNum=4200&GAID=18&DocTypeID=SB&LegId=168475&SessionID=114
SB4200,latest action,match,ours 2026-05-21 'Added as Co-Sponsor Sen. Jil Tracy' vs ilga.gov 2026-05-21 'Added as Co-Sponsor Sen. Jil Tracy',https://ilga.gov/Legislation/BillStatus?DocNum=4200&GAID=18&DocTypeID=SB&LegId=168475&SessionID=114
SB2652,title,match,'CRIM CD-CONVERTIBLE PISTOLS' vs 'CRIM CD-CONVERTIBLE PISTOLS',https://ilga.gov/Legislation/BillStatus?DocNum=2652&GAID=18&DocTypeID=SB&LegId=163556&SessionID=114
SB2652,synopsis (abstracts),ours_missing,Provides that the Act may be referred to as the Responsible Gun Manufacturing Act. Amends the Criminal Code of 2012. Pro,https://ilga.gov/Legislation/BillStatus?DocNum=2652&GAID=18&DocTypeID=SB&LegId=163556&SessionID=114
SB2652,statutes (citations),ours_missing,720 ILCS 5/24-1; 720 ILCS 5/24-2,https://ilga.gov/Legislation/BillStatus?DocNum=2652&GAID=18&DocTypeID=SB&LegId=163556&SessionID=114
SB2652,sponsors,match,6 names,https://ilga.gov/Legislation/BillStatus?DocNum=2652&GAID=18&DocTypeID=SB&LegId=163556&SessionID=114
SB2652,chief sponsor,match,ilga.gov chiefs: {'senate': 'Celina Villanueva'},https://ilga.gov/Legislation/BillStatus?DocNum=2652&GAID=18&DocTypeID=SB&LegId=163556&SessionID=114
SB2652,action count,match,ours 16 vs ilga.gov 16,https://ilga.gov/Legislation/BillStatus?DocNum=2652&GAID=18&DocTypeID=SB&LegId=163556&SessionID=114
SB2652,latest action,match,ours 2026-05-22 'Rule 3-9(a) / Re-referred to Assignments' vs ilga.gov 2026-05-22 'Rule 3-9(a) / Re-referred to Assignments',https://ilga.gov/Legislation/BillStatus?DocNum=2652&GAID=18&DocTypeID=SB&LegId=163556&SessionID=114
SB2810,title,match,'DCEO-SMALL BUSINESS GRANT' vs 'DCEO-SMALL BUSINESS GRANT',https://ilga.gov/Legislation/BillStatus?DocNum=2810&GAID=18&DocTypeID=SB&LegId=164913&SessionID=114
SB2810,synopsis (abstracts),ours_missing,Amends the Department of Commerce and Economic Opportunity Law of the Civil Administrative Code of Illinois. Provides th,https://ilga.gov/Legislation/BillStatus?DocNum=2810&GAID=18&DocTypeID=SB&LegId=164913&SessionID=114
SB2810,statutes (citations),ours_missing,30 ILCS 105/5.1038 new,https://ilga.gov/Legislation/BillStatus?DocNum=2810&GAID=18&DocTypeID=SB&LegId=164913&SessionID=114
SB2810,sponsors,match,2 names,https://ilga.gov/Legislation/BillStatus?DocNum=2810&GAID=18&DocTypeID=SB&LegId=164913&SessionID=114
SB2810,chief sponsor,match,ilga.gov chiefs: {'senate': 'Mike Simmons'},https://ilga.gov/Legislation/BillStatus?DocNum=2810&GAID=18&DocTypeID=SB&LegId=164913&SessionID=114
SB2810,action count,match,ours 9 vs ilga.gov 9,https://ilga.gov/Legislation/BillStatus?DocNum=2810&GAID=18&DocTypeID=SB&LegId=164913&SessionID=114
SB2810,latest action,match,ours 2026-05-22 'Rule 3-9(a) / Re-referred to Assignments' vs ilga.gov 2026-05-22 'Rule 3-9(a) / Re-referred to Assignments',https://ilga.gov/Legislation/BillStatus?DocNum=2810&GAID=18&DocTypeID=SB&LegId=164913&SessionID=114
SB3058,title,match,'ELEC CD-CYBERSECURITY' vs 'ELEC CD-CYBERSECURITY',https://ilga.gov/Legislation/BillStatus?DocNum=3058&GAID=18&DocTypeID=SB&LegId=165607&SessionID=114
SB3058,synopsis (abstracts),ours_missing,"Amends the Election Code. In provisions concerning cybersecurity efforts, modifies the amendatory changes made by Public",https://ilga.gov/Legislation/BillStatus?DocNum=3058&GAID=18&DocTypeID=SB&LegId=165607&SessionID=114
SB3058,statutes (citations),ours_missing,10 ILCS 5/1A-55,https://ilga.gov/Legislation/BillStatus?DocNum=3058&GAID=18&DocTypeID=SB&LegId=165607&SessionID=114
SB3058,sponsors,match,1 names,https://ilga.gov/Legislation/BillStatus?DocNum=3058&GAID=18&DocTypeID=SB&LegId=165607&SessionID=114
SB3058,chief sponsor,match,ilga.gov chiefs: {'senate': 'Sally J. Turner'},https://ilga.gov/Legislation/BillStatus?DocNum=3058&GAID=18&DocTypeID=SB&LegId=165607&SessionID=114
SB3058,action count,match,ours 10 vs ilga.gov 10,https://ilga.gov/Legislation/BillStatus?DocNum=3058&GAID=18&DocTypeID=SB&LegId=165607&SessionID=114
SB3058,latest action,match,ours 2026-05-22 'Rule 3-9(a) / Re-referred to Assignments' vs ilga.gov 2026-05-22 'Rule 3-9(a) / Re-referred to Assignments',https://ilga.gov/Legislation/BillStatus?DocNum=3058&GAID=18&DocTypeID=SB&LegId=165607&SessionID=114
SB3160,title,match,'KRATOM PROHIBITION ACT' vs 'KRATOM PROHIBITION ACT',https://ilga.gov/Legislation/BillStatus?DocNum=3160&GAID=18&DocTypeID=SB&LegId=165803&SessionID=114
SB3160,synopsis (abstracts),ours_missing,"Creates the Kratom Prohibition Act. Prohibits the purchase, possession, sale, or distribution of any product containing ",https://ilga.gov/Legislation/BillStatus?DocNum=3160&GAID=18&DocTypeID=SB&LegId=165803&SessionID=114
SB3160,statutes (citations),both_missing,,https://ilga.gov/Legislation/BillStatus?DocNum=3160&GAID=18&DocTypeID=SB&LegId=165803&SessionID=114
SB3160,sponsors,match,2 names,https://ilga.gov/Legislation/BillStatus?DocNum=3160&GAID=18&DocTypeID=SB&LegId=165803&SessionID=114
SB3160,chief sponsor,match,ilga.gov chiefs: {'senate': 'Cristina Castro'},https://ilga.gov/Legislation/BillStatus?DocNum=3160&GAID=18&DocTypeID=SB&LegId=165803&SessionID=114
SB3160,action count,match,ours 11 vs ilga.gov 11,https://ilga.gov/Legislation/BillStatus?DocNum=3160&GAID=18&DocTypeID=SB&LegId=165803&SessionID=114
SB3160,latest action,match,ours 2026-05-22 'Rule 3-9(a) / Re-referred to Assignments' vs ilga.gov 2026-05-22 'Rule 3-9(a) / Re-referred to Assignments',https://ilga.gov/Legislation/BillStatus?DocNum=3160&GAID=18&DocTypeID=SB&LegId=165803&SessionID=114
SB3498,title,match,'ESTATE SALE LICENSES' vs 'ESTATE SALE LICENSES',https://ilga.gov/Legislation/BillStatus?DocNum=3498&GAID=18&DocTypeID=SB&LegId=166499&SessionID=114
SB3498,synopsis (abstracts),ours_missing,"Amends the Auction License Act. Changes the name of the Act to the Auction and Estate Sale License Act. Provides that ""e",https://ilga.gov/Legislation/BillStatus?DocNum=3498&GAID=18&DocTypeID=SB&LegId=166499&SessionID=114
SB3498,statutes (citations),ours_missing,5 ILCS 80/4.40; 35 ILCS 120/1; 60 ILCS 1/30-50,https://ilga.gov/Legislation/BillStatus?DocNum=3498&GAID=18&DocTypeID=SB&LegId=166499&SessionID=114
SB3498,sponsors,match,2 names,https://ilga.gov/Legislation/BillStatus?DocNum=3498&GAID=18&DocTypeID=SB&LegId=166499&SessionID=114
SB3498,chief sponsor,match,ilga.gov chiefs: {'senate': 'Suzy Glowiak Hilton'},https://ilga.gov/Legislation/BillStatus?DocNum=3498&GAID=18&DocTypeID=SB&LegId=166499&SessionID=114
SB3498,action count,match,ours 18 vs ilga.gov 18,https://ilga.gov/Legislation/BillStatus?DocNum=3498&GAID=18&DocTypeID=SB&LegId=166499&SessionID=114
SB3498,latest action,match,ours 2026-05-22 'Senate Committee Amendment No. 1 Rule 3-9(a) / Re-referred to Assignments' vs ilga.gov 2026-05-22 'Senate Committee Amendment No. 1 Rule 3-9(a) / Re-referred to Assignments',https://ilga.gov/Legislation/BillStatus?DocNum=3498&GAID=18&DocTypeID=SB&LegId=166499&SessionID=114
SB3721,title,match,'AG-FALL COVERS SPRING SAVINGS' vs 'AG-FALL COVERS SPRING SAVINGS',https://ilga.gov/Legislation/BillStatus?DocNum=3721&GAID=18&DocTypeID=SB&LegId=166979&SessionID=114
SB3721,synopsis (abstracts),ours_missing,Amends the Civil Administrative Code of Illinois. Creates the Fall Covers for Spring Savings Program in the Department o,https://ilga.gov/Legislation/BillStatus?DocNum=3721&GAID=18&DocTypeID=SB&LegId=166979&SessionID=114
SB3721,statutes (citations),ours_missing,30 ILCS 105/5.1038 new,https://ilga.gov/Legislation/BillStatus?DocNum=3721&GAID=18&DocTypeID=SB&LegId=166979&SessionID=114
SB3721,sponsors,match,10 names,https://ilga.gov/Legislation/BillStatus?DocNum=3721&GAID=18&DocTypeID=SB&LegId=166979&SessionID=114
SB3721,chief sponsor,match,ilga.gov chiefs: {'senate': 'Doris Turner'},https://ilga.gov/Legislation/BillStatus?DocNum=3721&GAID=18&DocTypeID=SB&LegId=166979&SessionID=114
SB3721,action count,match,ours 17 vs ilga.gov 17,https://ilga.gov/Legislation/BillStatus?DocNum=3721&GAID=18&DocTypeID=SB&LegId=166979&SessionID=114
SB3721,latest action,match,ours 2026-05-22 'Rule 3-9(a) / Re-referred to Assignments' vs ilga.gov 2026-05-22 'Rule 3-9(a) / Re-referred to Assignments',https://ilga.gov/Legislation/BillStatus?DocNum=3721&GAID=18&DocTypeID=SB&LegId=166979&SessionID=114
SB3765,title,match,'RAILROAD MOD CREDIT' vs 'RAILROAD MOD CREDIT',https://ilga.gov/Legislation/BillStatus?DocNum=3765&GAID=18&DocTypeID=SB&LegId=167074&SessionID=114
SB3765,synopsis (abstracts),ours_missing,Creates the Short Line Railroad Modernization Act. Creates an income tax credit for taxpayers that incur qualified railr,https://ilga.gov/Legislation/BillStatus?DocNum=3765&GAID=18&DocTypeID=SB&LegId=167074&SessionID=114
SB3765,statutes (citations),both_missing,,https://ilga.gov/Legislation/BillStatus?DocNum=3765&GAID=18&DocTypeID=SB&LegId=167074&SessionID=114
SB3765,sponsors,match,3 names,https://ilga.gov/Legislation/BillStatus?DocNum=3765&GAID=18&DocTypeID=SB&LegId=167074&SessionID=114
SB3765,chief sponsor,match,ilga.gov chiefs: {'senate': 'Michael W. Halpin'},https://ilga.gov/Legislation/BillStatus?DocNum=3765&GAID=18&DocTypeID=SB&LegId=167074&SessionID=114
SB3765,action count,match,ours 10 vs ilga.gov 10,https://ilga.gov/Legislation/BillStatus?DocNum=3765&GAID=18&DocTypeID=SB&LegId=167074&SessionID=114
SB3765,latest action,match,ours 2026-05-22 'Rule 3-9(a) / Re-referred to Assignments' vs ilga.gov 2026-05-22 'Rule 3-9(a) / Re-referred to Assignments',https://ilga.gov/Legislation/BillStatus?DocNum=3765&GAID=18&DocTypeID=SB&LegId=167074&SessionID=114
SB2255,title,match,'SURVEILLANCE DISCRIMINATION' vs 'SURVEILLANCE DISCRIMINATION',https://ilga.gov/Legislation/BillStatus?DocNum=2255&GAID=18&DocTypeID=SB&LegId=162026&SessionID=114
SB2255,synopsis (abstracts),ours_missing,Creates the Surveillance-Based Price and Wage Discrimination Act. Provides that a person shall not use surveillance data,https://ilga.gov/Legislation/BillStatus?DocNum=2255&GAID=18&DocTypeID=SB&LegId=162026&SessionID=114
SB2255,statutes (citations),both_missing,,https://ilga.gov/Legislation/BillStatus?DocNum=2255&GAID=18&DocTypeID=SB&LegId=162026&SessionID=114
SB2255,sponsors,match,14 names,https://ilga.gov/Legislation/BillStatus?DocNum=2255&GAID=18&DocTypeID=SB&LegId=162026&SessionID=114
SB2255,chief sponsor,match,ilga.gov chiefs: {'senate': 'Robert Peters'},https://ilga.gov/Legislation/BillStatus?DocNum=2255&GAID=18&DocTypeID=SB&LegId=162026&SessionID=114
SB2255,action count,match,ours 33 vs ilga.gov 33,https://ilga.gov/Legislation/BillStatus?DocNum=2255&GAID=18&DocTypeID=SB&LegId=162026&SessionID=114
SB2255,latest action,match,ours 2026-05-26 'Added as Co-Sponsor Sen. Javier L. Cervantes' vs ilga.gov 2026-05-26 'Added as Co-Sponsor Sen. Javier L. Cervantes',https://ilga.gov/Legislation/BillStatus?DocNum=2255&GAID=18&DocTypeID=SB&LegId=162026&SessionID=114
SB341,title,match,'CIVIL LAW-TECH' vs 'CIVIL LAW-TECH',https://ilga.gov/Legislation/BillStatus?DocNum=341&GAID=18&DocTypeID=SB&LegId=157832&SessionID=114
SB341,synopsis (abstracts),ours_missing,"Amends the Electronic Wills, Electronic Estate Planning Documents, and Remote Witnesses Act. Makes a technical change in",https://ilga.gov/Legislation/BillStatus?DocNum=341&GAID=18&DocTypeID=SB&LegId=157832&SessionID=114
SB341,statutes (citations),ours_missing,755 ILCS 6/1-1,https://ilga.gov/Legislation/BillStatus?DocNum=341&GAID=18&DocTypeID=SB&LegId=157832&SessionID=114
SB341,sponsors,match,1 names,https://ilga.gov/Legislation/BillStatus?DocNum=341&GAID=18&DocTypeID=SB&LegId=157832&SessionID=114
SB341,chief sponsor,match,ilga.gov chiefs: {'senate': 'Don Harmon'},https://ilga.gov/Legislation/BillStatus?DocNum=341&GAID=18&DocTypeID=SB&LegId=157832&SessionID=114
SB341,action count,match,ours 15 vs ilga.gov 15,https://ilga.gov/Legislation/BillStatus?DocNum=341&GAID=18&DocTypeID=SB&LegId=157832&SessionID=114
SB341,latest action,match,ours 2026-06-01 'Rule 3-9(a) / Re-referred to Assignments' vs ilga.gov 2026-06-01 'Rule 3-9(a) / Re-referred to Assignments',https://ilga.gov/Legislation/BillStatus?DocNum=341&GAID=18&DocTypeID=SB&LegId=157832&SessionID=114
SB643,title,match,'LOCAL GOVERNMENT-TECH' vs 'LOCAL GOVERNMENT-TECH',https://ilga.gov/Legislation/BillStatus?DocNum=643&GAID=18&DocTypeID=SB&LegId=158341&SessionID=114
SB643,synopsis (abstracts),ours_missing,Amends the Soil and Water Conservation Districts Act. Makes a technical change to a Section concerning the short title.,https://ilga.gov/Legislation/BillStatus?DocNum=643&GAID=18&DocTypeID=SB&LegId=158341&SessionID=114
SB643,statutes (citations),ours_missing,70 ILCS 405/1,https://ilga.gov/Legislation/BillStatus?DocNum=643&GAID=18&DocTypeID=SB&LegId=158341&SessionID=114
SB643,sponsors,match,2 names,https://ilga.gov/Legislation/BillStatus?DocNum=643&GAID=18&DocTypeID=SB&LegId=158341&SessionID=114
SB643,chief sponsor,match,ilga.gov chiefs: {'senate': 'Laura Ellman'},https://ilga.gov/Legislation/BillStatus?DocNum=643&GAID=18&DocTypeID=SB&LegId=158341&SessionID=114
SB643,action count,match,ours 22 vs ilga.gov 22,https://ilga.gov/Legislation/BillStatus?DocNum=643&GAID=18&DocTypeID=SB&LegId=158341&SessionID=114
SB643,latest action,match,ours 2026-06-01 'Rule 3-9(a) / Re-referred to Assignments' vs ilga.gov 2026-06-01 'Rule 3-9(a) / Re-referred to Assignments',https://ilga.gov/Legislation/BillStatus?DocNum=643&GAID=18&DocTypeID=SB&LegId=158341&SessionID=114
SB2969,title,match,'$DHS-HOME ILLINOIS PROGRAM' vs '$DHS-HOME ILLINOIS PROGRAM',https://ilga.gov/Legislation/BillStatus?DocNum=2969&GAID=18&DocTypeID=SB&LegId=165401&SessionID=114
SB2969,synopsis (abstracts),ours_missing,"Appropriates $352,200,000 from the General Revenue Fund to the Department of Human Services for grants and administrativ",https://ilga.gov/Legislation/BillStatus?DocNum=2969&GAID=18&DocTypeID=SB&LegId=165401&SessionID=114
SB2969,statutes (citations),both_missing,,https://ilga.gov/Legislation/BillStatus?DocNum=2969&GAID=18&DocTypeID=SB&LegId=165401&SessionID=114
SB2969,sponsors,match,8 names,https://ilga.gov/Legislation/BillStatus?DocNum=2969&GAID=18&DocTypeID=SB&LegId=165401&SessionID=114
SB2969,chief sponsor,match,ilga.gov chiefs: {'senate': 'Adriane L. Johnson'},https://ilga.gov/Legislation/BillStatus?DocNum=2969&GAID=18&DocTypeID=SB&LegId=165401&SessionID=114
SB2969,action count,match,ours 14 vs ilga.gov 14,https://ilga.gov/Legislation/BillStatus?DocNum=2969&GAID=18&DocTypeID=SB&LegId=165401&SessionID=114
SB2969,latest action,match,ours 2026-07-02 'Pursuant to Senate Rule 3-9(b) / Referred to Assignments' vs ilga.gov 2026-07-02 'Pursuant to Senate Rule 3-9(b) / Referred to Assignments',https://ilga.gov/Legislation/BillStatus?DocNum=2969&GAID=18&DocTypeID=SB&LegId=165401&SessionID=114
SB3229,title,match,'EPA-REPEAL ENVIR LAB CERT COMM' vs 'EPA-REPEAL ENVIR LAB CERT COMM',https://ilga.gov/Legislation/BillStatus?DocNum=3229&GAID=18&DocTypeID=SB&LegId=165950&SessionID=114
SB3229,synopsis (abstracts),ours_missing,"Amends the Environmental Protection Act. In provisions regarding environmental laboratory certification assessment, repe",https://ilga.gov/Legislation/BillStatus?DocNum=3229&GAID=18&DocTypeID=SB&LegId=165950&SessionID=114
SB3229,statutes (citations),ours_missing,415 ILCS 5/17.8,https://ilga.gov/Legislation/BillStatus?DocNum=3229&GAID=18&DocTypeID=SB&LegId=165950&SessionID=114
SB3229,sponsors,match,29 names,https://ilga.gov/Legislation/BillStatus?DocNum=3229&GAID=18&DocTypeID=SB&LegId=165950&SessionID=114
SB3229,chief sponsor,match,"ilga.gov chiefs: {'senate': 'Graciela Guzmán', 'house': 'Maura Hirschauer'}",https://ilga.gov/Legislation/BillStatus?DocNum=3229&GAID=18&DocTypeID=SB&LegId=165950&SessionID=114
SB3229,action count,match,ours 79 vs ilga.gov 79,https://ilga.gov/Legislation/BillStatus?DocNum=3229&GAID=18&DocTypeID=SB&LegId=165950&SessionID=114
SB3229,latest action,match,ours 2026-07-02 'Pursuant to Senate Rule 3-9(b) / Referred to Assignments' vs ilga.gov 2026-07-02 'Pursuant to Senate Rule 3-9(b) / Referred to Assignments',https://ilga.gov/Legislation/BillStatus?DocNum=3229&GAID=18&DocTypeID=SB&LegId=165950&SessionID=114
SB2892,title,match,'HUMANE CARE-ANIMALS-PENALTIES' vs 'HUMANE CARE-ANIMALS-PENALTIES',https://ilga.gov/Legislation/BillStatus?DocNum=2892&GAID=18&DocTypeID=SB&LegId=165177&SessionID=114
SB2892,synopsis (abstracts),ours_missing,Amends the Humane Care for Animals Act. Provides that a law enforcement officer who arrests the owner of a companion ani,https://ilga.gov/Legislation/BillStatus?DocNum=2892&GAID=18&DocTypeID=SB&LegId=165177&SessionID=114
SB2892,statutes (citations),ours_missing,510 ILCS 70/3.04,https://ilga.gov/Legislation/BillStatus?DocNum=2892&GAID=18&DocTypeID=SB&LegId=165177&SessionID=114
SB2892,sponsors,match,7 names,https://ilga.gov/Legislation/BillStatus?DocNum=2892&GAID=18&DocTypeID=SB&LegId=165177&SessionID=114
SB2892,chief sponsor,match,"ilga.gov chiefs: {'senate': 'Michael W. Halpin', 'house': 'Martha Deuter'}",https://ilga.gov/Legislation/BillStatus?DocNum=2892&GAID=18&DocTypeID=SB&LegId=165177&SessionID=114
SB2892,action count,match,ours 34 vs ilga.gov 34,https://ilga.gov/Legislation/BillStatus?DocNum=2892&GAID=18&DocTypeID=SB&LegId=165177&SessionID=114
SB2892,latest action,match,ours 2026-07-24 'Public Act . . . . . . . . . 104-0644' vs ilga.gov 2026-07-24 'Public Act . . . . . . . . . 104-0644',https://ilga.gov/Legislation/BillStatus?DocNum=2892&GAID=18&DocTypeID=SB&LegId=165177&SessionID=114
SB2892,public act number,match,104-0644,https://ilga.gov/Legislation/BillStatus?DocNum=2892&GAID=18&DocTypeID=SB&LegId=165177&SessionID=114
SB3487,title,match,'HOSPITAL LICENSING-VACCINATION' vs 'HOSPITAL LICENSING-VACCINATION',https://ilga.gov/Legislation/BillStatus?DocNum=3487&GAID=18&DocTypeID=SB&LegId=166488&SessionID=114
SB3487,synopsis (abstracts),ours_missing,Amends the Hospital Licensing Act. Requires every hospital to adopt an influenza and pneumococcal immunization policy th,https://ilga.gov/Legislation/BillStatus?DocNum=3487&GAID=18&DocTypeID=SB&LegId=166488&SessionID=114
SB3487,statutes (citations),ours_missing,210 ILCS 85/6.26,https://ilga.gov/Legislation/BillStatus?DocNum=3487&GAID=18&DocTypeID=SB&LegId=166488&SessionID=114
SB3487,sponsors,match,7 names,https://ilga.gov/Legislation/BillStatus?DocNum=3487&GAID=18&DocTypeID=SB&LegId=166488&SessionID=114
SB3487,chief sponsor,match,"ilga.gov chiefs: {'senate': 'Laura Fine', 'house': 'Tracy Katz Muhl'}",https://ilga.gov/Legislation/BillStatus?DocNum=3487&GAID=18&DocTypeID=SB&LegId=166488&SessionID=114
SB3487,action count,match,ours 39 vs ilga.gov 39,https://ilga.gov/Legislation/BillStatus?DocNum=3487&GAID=18&DocTypeID=SB&LegId=166488&SessionID=114
SB3487,latest action,match,ours 2026-07-31 'Public Act . . . . . . . . . 104-0729' vs ilga.gov 2026-07-31 'Public Act . . . . . . . . . 104-0729',https://ilga.gov/Legislation/BillStatus?DocNum=3487&GAID=18&DocTypeID=SB&LegId=166488&SessionID=114
SB3487,public act number,match,104-0729,https://ilga.gov/Legislation/BillStatus?DocNum=3487&GAID=18&DocTypeID=SB&LegId=166488&SessionID=114
SB3213,title,match,'ELECTRONIC PRESCRIPTIONS' vs 'ELECTRONIC PRESCRIPTIONS',https://ilga.gov/Legislation/BillStatus?DocNum=3213&GAID=18&DocTypeID=SB&LegId=165914&SessionID=114
SB3213,synopsis (abstracts),ours_missing,Amends the Pharmacy Practice Act. Provides that prescriptions for drugs in Schedule II of the Illinois Controlled Substa,https://ilga.gov/Legislation/BillStatus?DocNum=3213&GAID=18&DocTypeID=SB&LegId=165914&SessionID=114
SB3213,statutes (citations),ours_missing,225 ILCS 85/19; 720 ILCS 570/311.6,https://ilga.gov/Legislation/BillStatus?DocNum=3213&GAID=18&DocTypeID=SB&LegId=165914&SessionID=114
SB3213,sponsors,match,8 names,https://ilga.gov/Legislation/BillStatus?DocNum=3213&GAID=18&DocTypeID=SB&LegId=165914&SessionID=114
SB3213,chief sponsor,match,"ilga.gov chiefs: {'senate': 'Steve McClure', 'house': 'Kelly M. Cassidy'}",https://ilga.gov/Legislation/BillStatus?DocNum=3213&GAID=18&DocTypeID=SB&LegId=165914&SessionID=114
SB3213,action count,match,ours 57 vs ilga.gov 57,https://ilga.gov/Legislation/BillStatus?DocNum=3213&GAID=18&DocTypeID=SB&LegId=165914&SessionID=114
SB3213,latest action,match,ours 2026-08-21 'Public Act . . . . . . . . . 104-0846' vs ilga.gov 2026-08-21 'Public Act . . . . . . . . . 104-0846',https://ilga.gov/Legislation/BillStatus?DocNum=3213&GAID=18&DocTypeID=SB&LegId=165914&SessionID=114
SB3213,public act number,match,104-0846,https://ilga.gov/Legislation/BillStatus?DocNum=3213&GAID=18&DocTypeID=SB&LegId=165914&SessionID=114
SJR7,title,match,'RALPH E. SNELL MEMORIAL BRIDGE' vs 'RALPH E. SNELL MEMORIAL BRIDGE',https://ilga.gov/Legislation/BillStatus?DocNum=7&GAID=18&DocTypeID=SJR&LegId=159072&SessionID=114
SJR7,synopsis (abstracts),ours_missing,"Designates the Utica River Bridge as the ""Ralph E. Snell Memorial Bridge"".",https://ilga.gov/Legislation/BillStatus?DocNum=7&GAID=18&DocTypeID=SJR&LegId=159072&SessionID=114
SJR7,statutes (citations),both_missing,,https://ilga.gov/Legislation/BillStatus?DocNum=7&GAID=18&DocTypeID=SJR&LegId=159072&SessionID=114
SJR7,sponsors,match,1 names,https://ilga.gov/Legislation/BillStatus?DocNum=7&GAID=18&DocTypeID=SJR&LegId=159072&SessionID=114
SJR7,chief sponsor,match,ilga.gov chiefs: {'senate': 'Sue Rezin'},https://ilga.gov/Legislation/BillStatus?DocNum=7&GAID=18&DocTypeID=SJR&LegId=159072&SessionID=114
SJR7,action count,match,ours 2 vs ilga.gov 2,https://ilga.gov/Legislation/BillStatus?DocNum=7&GAID=18&DocTypeID=SJR&LegId=159072&SessionID=114
SJR7,latest action,match,ours 2025-01-28 'Referred to Assignments' vs ilga.gov 2025-01-28 'Referred to Assignments',https://ilga.gov/Legislation/BillStatus?DocNum=7&GAID=18&DocTypeID=SJR&LegId=159072&SessionID=114
SJR26,title,match,'ADJOURN HOUSE & SENATE' vs 'ADJOURN HOUSE & SENATE',https://ilga.gov/Legislation/BillStatus?DocNum=26&GAID=18&DocTypeID=SJR&LegId=163279&SessionID=114
SJR26,synopsis (abstracts),ours_missing,"RESOLVED, BY THE SENATE OF THE ONE HUNDRED FOURTH GENERAL ASSEMBLY OF THE STATE OF ILLINOIS, THE HOUSE OF REPRESENTATIVE",https://ilga.gov/Legislation/BillStatus?DocNum=26&GAID=18&DocTypeID=SJR&LegId=163279&SessionID=114
SJR26,statutes (citations),both_missing,,https://ilga.gov/Legislation/BillStatus?DocNum=26&GAID=18&DocTypeID=SJR&LegId=163279&SessionID=114
SJR26,sponsors,match,2 names,https://ilga.gov/Legislation/BillStatus?DocNum=26&GAID=18&DocTypeID=SJR&LegId=163279&SessionID=114
SJR26,chief sponsor,match,"ilga.gov chiefs: {'senate': 'Karina Villa', 'house': 'Robyn Gabel'}",https://ilga.gov/Legislation/BillStatus?DocNum=26&GAID=18&DocTypeID=SJR&LegId=163279&SessionID=114
SJR26,action count,match,ours 8 vs ilga.gov 8,https://ilga.gov/Legislation/BillStatus?DocNum=26&GAID=18&DocTypeID=SJR&LegId=163279&SessionID=114
SJR26,latest action,match,ours 2025-03-21 'Adopted Both Houses' vs ilga.gov 2025-03-21 'Adopted Both Houses',https://ilga.gov/Legislation/BillStatus?DocNum=26&GAID=18&DocTypeID=SJR&LegId=163279&SessionID=114
SJR45,title,match,'ADJOURN HOUSE & SENATE' vs 'ADJOURN HOUSE & SENATE',https://ilga.gov/Legislation/BillStatus?DocNum=45&GAID=18&DocTypeID=SJR&LegId=164404&SessionID=114
SJR45,synopsis (abstracts),ours_missing,"RESOLVED, BY THE SENATE OF THE ONE HUNDRED FOURTH GENERAL ASSEMBLY OF THE STATE OF ILLINOIS, THE HOUSE OF REPRESENTATIVE",https://ilga.gov/Legislation/BillStatus?DocNum=45&GAID=18&DocTypeID=SJR&LegId=164404&SessionID=114
SJR45,statutes (citations),both_missing,,https://ilga.gov/Legislation/BillStatus?DocNum=45&GAID=18&DocTypeID=SJR&LegId=164404&SessionID=114
SJR45,sponsors,match,2 names,https://ilga.gov/Legislation/BillStatus?DocNum=45&GAID=18&DocTypeID=SJR&LegId=164404&SessionID=114
SJR45,chief sponsor,match,"ilga.gov chiefs: {'senate': 'Ram Villivalam', 'house': 'Robyn Gabel'}",https://ilga.gov/Legislation/BillStatus?DocNum=45&GAID=18&DocTypeID=SJR&LegId=164404&SessionID=114
SJR45,action count,match,ours 7 vs ilga.gov 7,https://ilga.gov/Legislation/BillStatus?DocNum=45&GAID=18&DocTypeID=SJR&LegId=164404&SessionID=114
SJR45,latest action,match,ours 2025-10-16 'Resolution Adopted' vs ilga.gov 2025-10-16 'Resolution Adopted',https://ilga.gov/Legislation/BillStatus?DocNum=45&GAID=18&DocTypeID=SJR&LegId=164404&SessionID=114
SJR29,title,match,'SPC GILMAN HIGHWAY' vs 'SPC GILMAN HIGHWAY',https://ilga.gov/Legislation/BillStatus?DocNum=29&GAID=18&DocTypeID=SJR&LegId=163477&SessionID=114
SJR29,synopsis (abstracts),ours_missing,"Designates Illinois Route 96 from the City of Mozier to the Pike County line as the ""Army Specialist Anthony William Gil",https://ilga.gov/Legislation/BillStatus?DocNum=29&GAID=18&DocTypeID=SJR&LegId=163477&SessionID=114
SJR29,statutes (citations),both_missing,,https://ilga.gov/Legislation/BillStatus?DocNum=29&GAID=18&DocTypeID=SJR&LegId=163477&SessionID=114
SJR29,sponsors,match,4 names,https://ilga.gov/Legislation/BillStatus?DocNum=29&GAID=18&DocTypeID=SJR&LegId=163477&SessionID=114
SJR29,chief sponsor,match,"ilga.gov chiefs: {'senate': 'Jil Tracy', 'house': 'Christopher ""C.D."" Davidsmeyer'}",https://ilga.gov/Legislation/BillStatus?DocNum=29&GAID=18&DocTypeID=SJR&LegId=163477&SessionID=114
SJR29,action count,match,ours 10 vs ilga.gov 10,https://ilga.gov/Legislation/BillStatus?DocNum=29&GAID=18&DocTypeID=SJR&LegId=163477&SessionID=114
SJR29,latest action,match,ours 2026-04-20 'Referred to Rules Committee' vs ilga.gov 2026-04-20 'Referred to Rules Committee',https://ilga.gov/Legislation/BillStatus?DocNum=29&GAID=18&DocTypeID=SJR&LegId=163477&SessionID=114
SJR56,title,match,'KOREAN WAR VETS-GOLD MEDAL' vs 'KOREAN WAR VETS-GOLD MEDAL',https://ilga.gov/Legislation/BillStatus?DocNum=56&GAID=18&DocTypeID=SJR&LegId=168057&SessionID=114
SJR56,synopsis (abstracts),ours_missing,Urges Congress to authorize the President to present Congressional Gold Medals to all Korean War Veterans in recognition,https://ilga.gov/Legislation/BillStatus?DocNum=56&GAID=18&DocTypeID=SJR&LegId=168057&SessionID=114
SJR56,statutes (citations),both_missing,,https://ilga.gov/Legislation/BillStatus?DocNum=56&GAID=18&DocTypeID=SJR&LegId=168057&SessionID=114
SJR56,sponsors,match,11 names,https://ilga.gov/Legislation/BillStatus?DocNum=56&GAID=18&DocTypeID=SJR&LegId=168057&SessionID=114
SJR56,chief sponsor,match,"ilga.gov chiefs: {'senate': 'Craig Wilcox', 'house': 'Dan Swanson'}",https://ilga.gov/Legislation/BillStatus?DocNum=56&GAID=18&DocTypeID=SJR&LegId=168057&SessionID=114
SJR56,action count,match,ours 18 vs ilga.gov 18,https://ilga.gov/Legislation/BillStatus?DocNum=56&GAID=18&DocTypeID=SJR&LegId=168057&SessionID=114
SJR56,latest action,match,ours 2026-05-31 'Referred to Rules Committee' vs ilga.gov 2026-05-31 'Referred to Rules Committee',https://ilga.gov/Legislation/BillStatus?DocNum=56&GAID=18&DocTypeID=SJR&LegId=168057&SessionID=114
SJRCA5,title,match,'CONAMEND-VOTING QUALIFICATION' vs 'CONAMEND-VOTING QUALIFICATION',https://ilga.gov/Legislation/BillStatus?DocNum=5&GAID=18&DocTypeID=SJRCA&LegId=161984&SessionID=114
SJRCA5,synopsis (abstracts),ours_missing,Proposes to amend the Suffrage and Elections Article of the Illinois Constitution. Provides that every United States cit,https://ilga.gov/Legislation/BillStatus?DocNum=5&GAID=18&DocTypeID=SJRCA&LegId=161984&SessionID=114
SJRCA5,statutes (citations),both_missing,,https://ilga.gov/Legislation/BillStatus?DocNum=5&GAID=18&DocTypeID=SJRCA&LegId=161984&SessionID=114
SJRCA5,sponsors,match,1 names,https://ilga.gov/Legislation/BillStatus?DocNum=5&GAID=18&DocTypeID=SJRCA&LegId=161984&SessionID=114
SJRCA5,chief sponsor,match,ilga.gov chiefs: {'senate': 'Terri Bryant'},https://ilga.gov/Legislation/BillStatus?DocNum=5&GAID=18&DocTypeID=SJRCA&LegId=161984&SessionID=114
SJRCA5,action count,match,ours 2 vs ilga.gov 2,https://ilga.gov/Legislation/BillStatus?DocNum=5&GAID=18&DocTypeID=SJRCA&LegId=161984&SessionID=114
SJRCA5,latest action,match,ours 2025-02-07 'Referred to Assignments' vs ilga.gov 2025-02-07 'Referred to Assignments',https://ilga.gov/Legislation/BillStatus?DocNum=5&GAID=18&DocTypeID=SJRCA&LegId=161984&SessionID=114
SJRCA2,title,match,'CONAMEND-BUDGET FIRST' vs 'CONAMEND-BUDGET FIRST',https://ilga.gov/Legislation/BillStatus?DocNum=2&GAID=18&DocTypeID=SJRCA&LegId=159234&SessionID=114
SJRCA2,synopsis (abstracts),ours_missing,Proposes to amend the Legislature Article of the Illinois Constitution. Provides that the General Assembly shall pass a ,https://ilga.gov/Legislation/BillStatus?DocNum=2&GAID=18&DocTypeID=SJRCA&LegId=159234&SessionID=114
SJRCA2,statutes (citations),both_missing,,https://ilga.gov/Legislation/BillStatus?DocNum=2&GAID=18&DocTypeID=SJRCA&LegId=159234&SessionID=114
SJRCA2,sponsors,match,2 names,https://ilga.gov/Legislation/BillStatus?DocNum=2&GAID=18&DocTypeID=SJRCA&LegId=159234&SessionID=114
SJRCA2,chief sponsor,match,ilga.gov chiefs: {'senate': 'Neil Anderson'},https://ilga.gov/Legislation/BillStatus?DocNum=2&GAID=18&DocTypeID=SJRCA&LegId=159234&SessionID=114
SJRCA2,action count,match,ours 3 vs ilga.gov 3,https://ilga.gov/Legislation/BillStatus?DocNum=2&GAID=18&DocTypeID=SJRCA&LegId=159234&SessionID=114
SJRCA2,latest action,match,ours 2025-02-11 'Added as Co-Sponsor Sen. Dave Syverson' vs ilga.gov 2025-02-11 'Added as Co-Sponsor Sen. Dave Syverson',https://ilga.gov/Legislation/BillStatus?DocNum=2&GAID=18&DocTypeID=SJRCA&LegId=159234&SessionID=114
SJRCA7,title,match,'CONAMEND-VOTING QUALIFICATION' vs 'CONAMEND-VOTING QUALIFICATION',https://ilga.gov/Legislation/BillStatus?DocNum=7&GAID=18&DocTypeID=SJRCA&LegId=162763&SessionID=114
SJRCA7,synopsis (abstracts),ours_missing,Proposes to amend the Suffrage and Elections Article of the Illinois Constitution. Provides that every United States cit,https://ilga.gov/Legislation/BillStatus?DocNum=7&GAID=18&DocTypeID=SJRCA&LegId=162763&SessionID=114
SJRCA7,statutes (citations),both_missing,,https://ilga.gov/Legislation/BillStatus?DocNum=7&GAID=18&DocTypeID=SJRCA&LegId=162763&SessionID=114
SJRCA7,sponsors,match,2 names,https://ilga.gov/Legislation/BillStatus?DocNum=7&GAID=18&DocTypeID=SJRCA&LegId=162763&SessionID=114
SJRCA7,chief sponsor,match,ilga.gov chiefs: {'senate': 'Andrew S. Chesney'},https://ilga.gov/Legislation/BillStatus?DocNum=7&GAID=18&DocTypeID=SJRCA&LegId=162763&SessionID=114
SJRCA7,action count,match,ours 3 vs ilga.gov 3,https://ilga.gov/Legislation/BillStatus?DocNum=7&GAID=18&DocTypeID=SJRCA&LegId=162763&SessionID=114
SJRCA7,latest action,match,ours 2025-03-31 'Added as Co-Sponsor Sen. Craig Wilcox' vs ilga.gov 2025-03-31 'Added as Co-Sponsor Sen. Craig Wilcox',https://ilga.gov/Legislation/BillStatus?DocNum=7&GAID=18&DocTypeID=SJRCA&LegId=162763&SessionID=114
SJRCA8,title,match,'CONAMEND-INDEP REDIST' vs 'CONAMEND-INDEP REDIST',https://ilga.gov/Legislation/BillStatus?DocNum=8&GAID=18&DocTypeID=SJRCA&LegId=165025&SessionID=114
SJRCA8,synopsis (abstracts),ours_missing,Proposes to amend the Legislature Article of the Illinois Constitution. Requires the Chief Justice and the most senior S,https://ilga.gov/Legislation/BillStatus?DocNum=8&GAID=18&DocTypeID=SJRCA&LegId=165025&SessionID=114
SJRCA8,statutes (citations),both_missing,,https://ilga.gov/Legislation/BillStatus?DocNum=8&GAID=18&DocTypeID=SJRCA&LegId=165025&SessionID=114
SJRCA8,sponsors,match,1 names,https://ilga.gov/Legislation/BillStatus?DocNum=8&GAID=18&DocTypeID=SJRCA&LegId=165025&SessionID=114
SJRCA8,chief sponsor,match,ilga.gov chiefs: {'senate': 'John F. Curran'},https://ilga.gov/Legislation/BillStatus?DocNum=8&GAID=18&DocTypeID=SJRCA&LegId=165025&SessionID=114
SJRCA8,action count,match,ours 2 vs ilga.gov 2,https://ilga.gov/Legislation/BillStatus?DocNum=8&GAID=18&DocTypeID=SJRCA&LegId=165025&SessionID=114
SJRCA8,latest action,match,ours 2026-01-13 'Referred to Assignments' vs ilga.gov 2026-01-13 'Referred to Assignments',https://ilga.gov/Legislation/BillStatus?DocNum=8&GAID=18&DocTypeID=SJRCA&LegId=165025&SessionID=114
SJRCA11,title,match,'CON AMEND-TERM LIMITS' vs 'CON AMEND-TERM LIMITS',https://ilga.gov/Legislation/BillStatus?DocNum=11&GAID=18&DocTypeID=SJRCA&LegId=167687&SessionID=114
SJRCA11,synopsis (abstracts),ours_missing,Proposes to amend the Legislature and Executive Articles of the Illinois Constitution. Provides that a person may not be,https://ilga.gov/Legislation/BillStatus?DocNum=11&GAID=18&DocTypeID=SJRCA&LegId=167687&SessionID=114
SJRCA11,statutes (citations),both_missing,,https://ilga.gov/Legislation/BillStatus?DocNum=11&GAID=18&DocTypeID=SJRCA&LegId=167687&SessionID=114
SJRCA11,sponsors,match,1 names,https://ilga.gov/Legislation/BillStatus?DocNum=11&GAID=18&DocTypeID=SJRCA&LegId=167687&SessionID=114
SJRCA11,chief sponsor,match,ilga.gov chiefs: {'senate': 'Neil Anderson'},https://ilga.gov/Legislation/BillStatus?DocNum=11&GAID=18&DocTypeID=SJRCA&LegId=167687&SessionID=114
SJRCA11,action count,match,ours 2 vs ilga.gov 2,https://ilga.gov/Legislation/BillStatus?DocNum=11&GAID=18&DocTypeID=SJRCA&LegId=167687&SessionID=114
SJRCA11,latest action,match,ours 2026-02-10 'Referred to Assignments' vs ilga.gov 2026-02-10 'Referred to Assignments',https://ilga.gov/Legislation/BillStatus?DocNum=11&GAID=18&DocTypeID=SJRCA&LegId=167687&SessionID=114
SR53,title,match,'MEMORIAL-THOMAS LEE KENNEDY' vs 'MEMORIAL-THOMAS LEE KENNEDY',https://ilga.gov/Legislation/BillStatus?DocNum=53&GAID=18&DocTypeID=SR&LegId=159225&SessionID=114
SR53,synopsis (abstracts),ours_missing,Mourns the death of Thomas Lee Kennedy.,https://ilga.gov/Legislation/BillStatus?DocNum=53&GAID=18&DocTypeID=SR&LegId=159225&SessionID=114
SR53,statutes (citations),both_missing,,https://ilga.gov/Legislation/BillStatus?DocNum=53&GAID=18&DocTypeID=SR&LegId=159225&SessionID=114
SR53,sponsors,match,1 names,https://ilga.gov/Legislation/BillStatus?DocNum=53&GAID=18&DocTypeID=SR&LegId=159225&SessionID=114
SR53,chief sponsor,match,ilga.gov chiefs: {'senate': 'Neil Anderson'},https://ilga.gov/Legislation/BillStatus?DocNum=53&GAID=18&DocTypeID=SR&LegId=159225&SessionID=114
SR53,action count,match,ours 4 vs ilga.gov 4,https://ilga.gov/Legislation/BillStatus?DocNum=53&GAID=18&DocTypeID=SR&LegId=159225&SessionID=114
SR53,latest action,match,ours 2025-01-29 'Resolution Adopted' vs ilga.gov 2025-01-29 'Resolution Adopted',https://ilga.gov/Legislation/BillStatus?DocNum=53&GAID=18&DocTypeID=SR&LegId=159225&SessionID=114
SR98,title,match,'MEMORIAL-CLYDE E. BUNCH' vs 'MEMORIAL-CLYDE E. BUNCH',https://ilga.gov/Legislation/BillStatus?DocNum=98&GAID=18&DocTypeID=SR&LegId=160555&SessionID=114
SR98,synopsis (abstracts),ours_missing,Mourns the death of Clyde E. Bunch.,https://ilga.gov/Legislation/BillStatus?DocNum=98&GAID=18&DocTypeID=SR&LegId=160555&SessionID=114
SR98,statutes (citations),both_missing,,https://ilga.gov/Legislation/BillStatus?DocNum=98&GAID=18&DocTypeID=SR&LegId=160555&SessionID=114
SR98,sponsors,match,1 names,https://ilga.gov/Legislation/BillStatus?DocNum=98&GAID=18&DocTypeID=SR&LegId=160555&SessionID=114
SR98,chief sponsor,match,ilga.gov chiefs: {'senate': 'Doris Turner'},https://ilga.gov/Legislation/BillStatus?DocNum=98&GAID=18&DocTypeID=SR&LegId=160555&SessionID=114
SR98,action count,match,ours 4 vs ilga.gov 4,https://ilga.gov/Legislation/BillStatus?DocNum=98&GAID=18&DocTypeID=SR&LegId=160555&SessionID=114
SR98,latest action,match,ours 2025-02-05 'Resolution Adopted' vs ilga.gov 2025-02-05 'Resolution Adopted',https://ilga.gov/Legislation/BillStatus?DocNum=98&GAID=18&DocTypeID=SR&LegId=160555&SessionID=114
SR62,title,match,'CONGRATS-RIVERSIDE' vs 'CONGRATS-RIVERSIDE',https://ilga.gov/Legislation/BillStatus?DocNum=62&GAID=18&DocTypeID=SR&LegId=159457&SessionID=114
SR62,synopsis (abstracts),ours_missing,"Congratulates the Village of Riverside on its 150th anniversary. Extends heartfelt congratulations to its residents, pas",https://ilga.gov/Legislation/BillStatus?DocNum=62&GAID=18&DocTypeID=SR&LegId=159457&SessionID=114
SR62,statutes (citations),both_missing,,https://ilga.gov/Legislation/BillStatus?DocNum=62&GAID=18&DocTypeID=SR&LegId=159457&SessionID=114
SR62,sponsors,match,1 names,https://ilga.gov/Legislation/BillStatus?DocNum=62&GAID=18&DocTypeID=SR&LegId=159457&SessionID=114
SR62,chief sponsor,match,ilga.gov chiefs: {'senate': 'Mike Porfirio'},https://ilga.gov/Legislation/BillStatus?DocNum=62&GAID=18&DocTypeID=SR&LegId=159457&SessionID=114
SR62,action count,match,ours 5 vs ilga.gov 5,https://ilga.gov/Legislation/BillStatus?DocNum=62&GAID=18&DocTypeID=SR&LegId=159457&SessionID=114
SR62,latest action,match,ours 2025-04-11 'Resolution Adopted' vs ilga.gov 2025-04-11 'Resolution Adopted',https://ilga.gov/Legislation/BillStatus?DocNum=62&GAID=18&DocTypeID=SR&LegId=159457&SessionID=114
SR303,title,match,'MEMORIAL-KENNETH E. MCNEELY' vs 'MEMORIAL-KENNETH E. MCNEELY',https://ilga.gov/Legislation/BillStatus?DocNum=303&GAID=18&DocTypeID=SR&LegId=163721&SessionID=114
SR303,synopsis (abstracts),ours_missing,"Mourns the death of Kenneth Eugene ""Kenny"" McNeely.",https://ilga.gov/Legislation/BillStatus?DocNum=303&GAID=18&DocTypeID=SR&LegId=163721&SessionID=114
SR303,statutes (citations),both_missing,,https://ilga.gov/Legislation/BillStatus?DocNum=303&GAID=18&DocTypeID=SR&LegId=163721&SessionID=114
SR303,sponsors,match,1 names,https://ilga.gov/Legislation/BillStatus?DocNum=303&GAID=18&DocTypeID=SR&LegId=163721&SessionID=114
SR303,chief sponsor,match,ilga.gov chiefs: {'senate': 'Neil Anderson'},https://ilga.gov/Legislation/BillStatus?DocNum=303&GAID=18&DocTypeID=SR&LegId=163721&SessionID=114
SR303,action count,match,ours 4 vs ilga.gov 4,https://ilga.gov/Legislation/BillStatus?DocNum=303&GAID=18&DocTypeID=SR&LegId=163721&SessionID=114
SR303,latest action,match,ours 2025-05-08 'Resolution Adopted' vs ilga.gov 2025-05-08 'Resolution Adopted',https://ilga.gov/Legislation/BillStatus?DocNum=303&GAID=18&DocTypeID=SR&LegId=163721&SessionID=114
SR112,title,match,'SURS RETIREE APPRECIATION DAY' vs 'SURS RETIREE APPRECIATION DAY',https://ilga.gov/Legislation/BillStatus?DocNum=112&GAID=18&DocTypeID=SR&LegId=161614&SessionID=114
SR112,synopsis (abstracts),ours_missing,"Declares June 13, 2025 as SURS Retiree Appreciation Day in the State of Illinois to honor and recognize the ongoing cont",https://ilga.gov/Legislation/BillStatus?DocNum=112&GAID=18&DocTypeID=SR&LegId=161614&SessionID=114
SR112,statutes (citations),both_missing,,https://ilga.gov/Legislation/BillStatus?DocNum=112&GAID=18&DocTypeID=SR&LegId=161614&SessionID=114
SR112,sponsors,match,4 names,https://ilga.gov/Legislation/BillStatus?DocNum=112&GAID=18&DocTypeID=SR&LegId=161614&SessionID=114
SR112,chief sponsor,match,ilga.gov chiefs: {'senate': 'Erica Harriss'},https://ilga.gov/Legislation/BillStatus?DocNum=112&GAID=18&DocTypeID=SR&LegId=161614&SessionID=114
SR112,action count,match,ours 9 vs ilga.gov 9,https://ilga.gov/Legislation/BillStatus?DocNum=112&GAID=18&DocTypeID=SR&LegId=161614&SessionID=114
SR112,latest action,match,ours 2025-06-01 'Resolution Adopted' vs ilga.gov 2025-06-01 'Resolution Adopted',https://ilga.gov/Legislation/BillStatus?DocNum=112&GAID=18&DocTypeID=SR&LegId=161614&SessionID=114
SR400,title,match,'MEMORIAL-NATASHA MAXEY' vs 'MEMORIAL-NATASHA MAXEY',https://ilga.gov/Legislation/BillStatus?DocNum=400&GAID=18&DocTypeID=SR&LegId=164063&SessionID=114
SR400,synopsis (abstracts),ours_missing,Mourns the death of Natasha Renee Bell Harris Maxey.,https://ilga.gov/Legislation/BillStatus?DocNum=400&GAID=18&DocTypeID=SR&LegId=164063&SessionID=114
SR400,statutes (citations),both_missing,,https://ilga.gov/Legislation/BillStatus?DocNum=400&GAID=18&DocTypeID=SR&LegId=164063&SessionID=114
SR400,sponsors,match,1 names,https://ilga.gov/Legislation/BillStatus?DocNum=400&GAID=18&DocTypeID=SR&LegId=164063&SessionID=114
SR400,chief sponsor,match,ilga.gov chiefs: {'senate': 'Napoleon Harris III'},https://ilga.gov/Legislation/BillStatus?DocNum=400&GAID=18&DocTypeID=SR&LegId=164063&SessionID=114
SR400,action count,match,ours 4 vs ilga.gov 4,https://ilga.gov/Legislation/BillStatus?DocNum=400&GAID=18&DocTypeID=SR&LegId=164063&SessionID=114
SR400,latest action,match,ours 2025-10-15 'Resolution Adopted' vs ilga.gov 2025-10-15 'Resolution Adopted',https://ilga.gov/Legislation/BillStatus?DocNum=400&GAID=18&DocTypeID=SR&LegId=164063&SessionID=114
SR429,title,match,'MEMORIAL-CHARLES J. KIRK' vs 'MEMORIAL-CHARLES J. KIRK',https://ilga.gov/Legislation/BillStatus?DocNum=429&GAID=18&DocTypeID=SR&LegId=164164&SessionID=114
SR429,synopsis (abstracts),ours_missing,"Mourns the passing of Charles James ""Charlie"" Kirk, the cofounder of Turning Point USA.",https://ilga.gov/Legislation/BillStatus?DocNum=429&GAID=18&DocTypeID=SR&LegId=164164&SessionID=114
SR429,statutes (citations),both_missing,,https://ilga.gov/Legislation/BillStatus?DocNum=429&GAID=18&DocTypeID=SR&LegId=164164&SessionID=114
SR429,sponsors,match,1 names,https://ilga.gov/Legislation/BillStatus?DocNum=429&GAID=18&DocTypeID=SR&LegId=164164&SessionID=114
SR429,chief sponsor,match,ilga.gov chiefs: {'senate': 'Neil Anderson'},https://ilga.gov/Legislation/BillStatus?DocNum=429&GAID=18&DocTypeID=SR&LegId=164164&SessionID=114
SR429,action count,match,ours 4 vs ilga.gov 4,https://ilga.gov/Legislation/BillStatus?DocNum=429&GAID=18&DocTypeID=SR&LegId=164164&SessionID=114
SR429,latest action,match,ours 2025-10-15 'Resolution Adopted' vs ilga.gov 2025-10-15 'Resolution Adopted',https://ilga.gov/Legislation/BillStatus?DocNum=429&GAID=18&DocTypeID=SR&LegId=164164&SessionID=114
SR548,title,match,'MEMORIAL-HAL I. SMITH' vs 'MEMORIAL-HAL I. SMITH',https://ilga.gov/Legislation/BillStatus?DocNum=548&GAID=18&DocTypeID=SR&LegId=164727&SessionID=114
SR548,synopsis (abstracts),ours_missing,Mourns the death of Hal I. Smith of Springfield.,https://ilga.gov/Legislation/BillStatus?DocNum=548&GAID=18&DocTypeID=SR&LegId=164727&SessionID=114
SR548,statutes (citations),both_missing,,https://ilga.gov/Legislation/BillStatus?DocNum=548&GAID=18&DocTypeID=SR&LegId=164727&SessionID=114
SR548,sponsors,match,1 names,https://ilga.gov/Legislation/BillStatus?DocNum=548&GAID=18&DocTypeID=SR&LegId=164727&SessionID=114
SR548,chief sponsor,match,ilga.gov chiefs: {'senate': 'Steve McClure'},https://ilga.gov/Legislation/BillStatus?DocNum=548&GAID=18&DocTypeID=SR&LegId=164727&SessionID=114
SR548,action count,match,ours 4 vs ilga.gov 4,https://ilga.gov/Legislation/BillStatus?DocNum=548&GAID=18&DocTypeID=SR&LegId=164727&SessionID=114
SR548,latest action,match,ours 2026-01-14 'Resolution Adopted' vs ilga.gov 2026-01-14 'Resolution Adopted',https://ilga.gov/Legislation/BillStatus?DocNum=548&GAID=18&DocTypeID=SR&LegId=164727&SessionID=114
SR599,title,match,'MEMORIAL-CHRISTIAN J. LAW' vs 'MEMORIAL-CHRISTIAN J. LAW',https://ilga.gov/Legislation/BillStatus?DocNum=599&GAID=18&DocTypeID=SR&LegId=166017&SessionID=114
SR599,synopsis (abstracts),ours_missing,"Mourns the passing of Christian Jon ""CJ"" Law.",https://ilga.gov/Legislation/BillStatus?DocNum=599&GAID=18&DocTypeID=SR&LegId=166017&SessionID=114
SR599,statutes (citations),both_missing,,https://ilga.gov/Legislation/BillStatus?DocNum=599&GAID=18&DocTypeID=SR&LegId=166017&SessionID=114
SR599,sponsors,match,1 names,https://ilga.gov/Legislation/BillStatus?DocNum=599&GAID=18&DocTypeID=SR&LegId=166017&SessionID=114
SR599,chief sponsor,match,ilga.gov chiefs: {'senate': 'Kimberly A. Lightford'},https://ilga.gov/Legislation/BillStatus?DocNum=599&GAID=18&DocTypeID=SR&LegId=166017&SessionID=114
SR599,action count,match,ours 4 vs ilga.gov 4,https://ilga.gov/Legislation/BillStatus?DocNum=599&GAID=18&DocTypeID=SR&LegId=166017&SessionID=114
SR599,latest action,match,ours 2026-02-04 'Resolution Adopted' vs ilga.gov 2026-02-04 'Resolution Adopted',https://ilga.gov/Legislation/BillStatus?DocNum=599&GAID=18&DocTypeID=SR&LegId=166017&SessionID=114
SR658,title,match,'MEMORIAL-EDWARD A. CONWAY' vs 'MEMORIAL-EDWARD A. CONWAY',https://ilga.gov/Legislation/BillStatus?DocNum=658&GAID=18&DocTypeID=SR&LegId=168050&SessionID=114
SR658,synopsis (abstracts),ours_missing,"Mourns the passing of Edward A. ""Ed"" Conway of Pekin.",https://ilga.gov/Legislation/BillStatus?DocNum=658&GAID=18&DocTypeID=SR&LegId=168050&SessionID=114
SR658,statutes (citations),both_missing,,https://ilga.gov/Legislation/BillStatus?DocNum=658&GAID=18&DocTypeID=SR&LegId=168050&SessionID=114
SR658,sponsors,match,1 names,https://ilga.gov/Legislation/BillStatus?DocNum=658&GAID=18&DocTypeID=SR&LegId=168050&SessionID=114
SR658,chief sponsor,match,ilga.gov chiefs: {'senate': 'Neil Anderson'},https://ilga.gov/Legislation/BillStatus?DocNum=658&GAID=18&DocTypeID=SR&LegId=168050&SessionID=114
SR658,action count,match,ours 4 vs ilga.gov 4,https://ilga.gov/Legislation/BillStatus?DocNum=658&GAID=18&DocTypeID=SR&LegId=168050&SessionID=114
SR658,latest action,match,ours 2026-03-12 'Resolution Adopted' vs ilga.gov 2026-03-12 'Resolution Adopted',https://ilga.gov/Legislation/BillStatus?DocNum=658&GAID=18&DocTypeID=SR&LegId=168050&SessionID=114
SR715,title,match,'CONGRATS-BELVIDERE LIONS CLUB' vs 'CONGRATS-BELVIDERE LIONS CLUB',https://ilga.gov/Legislation/BillStatus?DocNum=715&GAID=18&DocTypeID=SR&LegId=168247&SessionID=114
SR715,synopsis (abstracts),ours_missing,Congratulates the Belvidere Lions Club on the occasion of its 80-year anniversary. Wishes the Club all the best in its f,https://ilga.gov/Legislation/BillStatus?DocNum=715&GAID=18&DocTypeID=SR&LegId=168247&SessionID=114
SR715,statutes (citations),both_missing,,https://ilga.gov/Legislation/BillStatus?DocNum=715&GAID=18&DocTypeID=SR&LegId=168247&SessionID=114
SR715,sponsors,match,1 names,https://ilga.gov/Legislation/BillStatus?DocNum=715&GAID=18&DocTypeID=SR&LegId=168247&SessionID=114
SR715,chief sponsor,match,ilga.gov chiefs: {'senate': 'Dave Syverson'},https://ilga.gov/Legislation/BillStatus?DocNum=715&GAID=18&DocTypeID=SR&LegId=168247&SessionID=114
SR715,action count,match,ours 5 vs ilga.gov 5,https://ilga.gov/Legislation/BillStatus?DocNum=715&GAID=18&DocTypeID=SR&LegId=168247&SessionID=114
SR715,latest action,match,ours 2026-04-16 'Resolution Adopted' vs ilga.gov 2026-04-16 'Resolution Adopted',https://ilga.gov/Legislation/BillStatus?DocNum=715&GAID=18&DocTypeID=SR&LegId=168247&SessionID=114
SR571,title,match,'MUSCULAR DYS AWARENESS MONTH' vs 'MUSCULAR DYS AWARENESS MONTH',https://ilga.gov/Legislation/BillStatus?DocNum=571&GAID=18&DocTypeID=SR&LegId=165114&SessionID=114
SR571,synopsis (abstracts),ours_missing,Declares September 2026 as Muscular Dystrophy Awareness Month in the State of Illinois to raise awareness of all forms o,https://ilga.gov/Legislation/BillStatus?DocNum=571&GAID=18&DocTypeID=SR&LegId=165114&SessionID=114
SR571,statutes (citations),both_missing,,https://ilga.gov/Legislation/BillStatus?DocNum=571&GAID=18&DocTypeID=SR&LegId=165114&SessionID=114
SR571,sponsors,match,2 names,https://ilga.gov/Legislation/BillStatus?DocNum=571&GAID=18&DocTypeID=SR&LegId=165114&SessionID=114
SR571,chief sponsor,match,ilga.gov chiefs: {'senate': 'Julie A. Morrison'},https://ilga.gov/Legislation/BillStatus?DocNum=571&GAID=18&DocTypeID=SR&LegId=165114&SessionID=114
SR571,action count,match,ours 7 vs ilga.gov 7,https://ilga.gov/Legislation/BillStatus?DocNum=571&GAID=18&DocTypeID=SR&LegId=165114&SessionID=114
SR571,latest action,match,ours 2026-05-29 'Resolution Adopted' vs ilga.gov 2026-05-29 'Resolution Adopted',https://ilga.gov/Legislation/BillStatus?DocNum=571&GAID=18&DocTypeID=SR&LegId=165114&SessionID=114
SR614,title,match,'AUTISM AWARENESS DAY' vs 'AUTISM AWARENESS DAY',https://ilga.gov/Legislation/BillStatus?DocNum=614&GAID=18&DocTypeID=SR&LegId=167680&SessionID=114
SR614,synopsis (abstracts),ours_missing,"Declares April 2, 2026 as Autism Awareness Day in the State of Illinois.",https://ilga.gov/Legislation/BillStatus?DocNum=614&GAID=18&DocTypeID=SR&LegId=167680&SessionID=114
SR614,statutes (citations),both_missing,,https://ilga.gov/Legislation/BillStatus?DocNum=614&GAID=18&DocTypeID=SR&LegId=167680&SessionID=114
SR614,sponsors,match,11 names,https://ilga.gov/Legislation/BillStatus?DocNum=614&GAID=18&DocTypeID=SR&LegId=167680&SessionID=114
SR614,chief sponsor,match,ilga.gov chiefs: {'senate': 'Meg Loughran Cappel'},https://ilga.gov/Legislation/BillStatus?DocNum=614&GAID=18&DocTypeID=SR&LegId=167680&SessionID=114
SR614,action count,match,ours 16 vs ilga.gov 16,https://ilga.gov/Legislation/BillStatus?DocNum=614&GAID=18&DocTypeID=SR&LegId=167680&SessionID=114
SR614,latest action,match,ours 2026-06-30 'Added as Co-Sponsor Sen. Mary Edly-Allen' vs ilga.gov 2026-06-30 'Added as Co-Sponsor Sen. Mary Edly-Allen',https://ilga.gov/Legislation/BillStatus?DocNum=614&GAID=18&DocTypeID=SR&LegId=167680&SessionID=114
